id,name,document,date_of_birth,phone_number,account_number,balance
1,Sophie Peixoto,047.326.589-38,14/03/1982,+55 (21) 9 9489 2411,2277815659387784,94513
2,Benício Vieira,016.579.384-84,10/01/1993,+55 39 9 3328 7115,2671484185839891,28005
3,Leonardo Carvalho,965.412.708-30,23/07/1959,+55 (71) 9 1220 1868,2258339694775153,81641
4,Ana Sophia Rodrigues,953.102.847-88,31/10/1975,+55 (056) 90123 0989,5301399161510905,49978
5,Diego Costa,730.594.826-83,05/02/1998,+55 31 9 4562 0870,2720163457923028,65272
6,Joaquim Souza,417.580.326-26,06/03/2001,+55 (45) 96428-0715,5284237594599247,85888
7,Sofia Peixoto,103.529.487-79,24/02/1976,+55 (60) 9 6960-2714,2228878900754707,42132
8,Caroline Vieira,120.356.874-62,29/08/1958,+55 89 91319 3442,5476104714285123,17775
9,Anthony Barbosa,034.725.961-80,02/03/1992,+55 (065) 98236-9402,5545551590042290,77555
10,João Guilherme Novaes,824.031.675-17,10/02/1999,+55 46 9 5461 1877,2275171760452295,94737
11,Maysa Carvalho,193.580.742-05,16/11/1976,+55 (47) 97936-1534,2712635110873179,63879
12,Eloah da Rocha,032.918.456-33,01/01/1963,+55 (72) 9 9668-7577,2238930555082492,82390
13,João Miguel Gonçalves,718.405.962-01,24/05/1972,+55 (052) 92758-6880,2711891634896763,20796
14,Maria Sophia Dias,092.745.618-49,30/08/1981,+55 (46) 9 6602 2345,5207627912560976,28675
15,Laís Barros,172.064.983-96,10/01/1963,+55 (53) 96710-9795,5494264183067531,91439
16,Isabella Cardoso,097.284.156-30,28/03/1995,+55 (86) 98412-6961,5461162076607547,95957
17,João Gabriel Cardoso,150.269.734-34,11/05/1961,+55 (030) 93104 5093,5527175420355748,86841
18,Marcos Vinicius Martins,218.469.730-31,14/05/2003,+55 (58) 93324 5602,2720061126486296,65076
19,Fernanda Moraes,137.524.096-06,18/05/1958,+55 73 95471-2141,2709276266237581,17118
20,João Gabriel Rezende,173.208.456-44,21/04/1972,+55 (89) 9 2671 7386,2250140046896715,63718
21,Sra. Isabella Gomes,310.725.469-06,22/09/2000,+55 (016) 94482 9838,5468644759221160,66870
22,Maria Sophia Rezende,284.953.701-23,09/06/1981,+55 (57) 90742-7093,5157608116050196,77124
23,Gabriel Gonçalves,324.109.786-22,30/05/1976,+55 66 92728-5232,2456676337390605,23860
24,Pedro Miguel Cardoso,250.861.493-98,17/05/1987,+55 (45) 96708-8697,2547354000250404,26892
25,Bernardo Pereira,369.712.048-40,15/02/1996,+55 87 95408-0351,2238533444864755,25994
26,Srta. Amanda Lima,810.365.792-12,29/01/1980,+55 11 9 3126 3791,2386023732455615,23969
27,Esther Viana,347.869.210-50,08/10/1958,+55 (12) 9 6334-0886,5216419538433187,35194
28,Renan Martins,357.241.809-79,04/08/1975,+55 26 92281 2379,2233236599271900,30458
29,Maria Vitória Moraes,794.018.523-32,25/10/1996,+55 (085) 91429-6354,2290305357345246,34818
30,João Gabriel Viana,025.936.478-92,28/07/1958,+55 10 95623-7625,2262566064887093,44732
31,Juan Nogueira,209.456.183-60,14/05/1969,+55 (030) 92821 6919,2429904560071542,90678
32,Brenda Ramos,385.179.264-55,22/04/2003,+55 48 94870 8984,5276165700404947,52598
33,Sophie da Rocha,895.321.074-79,08/08/1996,+55 (98) 95225 0909,5555445769620290,40468
34,Leonardo Costela,507.962.183-40,09/05/1971,+55 (082) 91291 8896,2344406448885533,20271
35,Sra. Vitória da Conceição,082.654.317-08,20/07/2003,+55 (69) 93058-2357,5139342619737819,59046
36,Davi Luiz Pires,168.273.549-46,28/04/1962,+55 70 94366 6609,2459294506782011,88350
37,Isabel Moreira,013.594.768-57,11/07/2002,+55 56 92462 9264,2602227080862599,69607
38,Bruno da Luz,439.256.781-82,26/11/2005,+55 (078) 92092 8051,2237937825278082,33969
39,Luiz Henrique Mendes,018.342.675-44,27/07/1982,+55 25 9 0220 5930,2304609251607591,45546
40,Sophia Fernandes,476.103.258-80,18/01/1961,+55 10 9 5026 9057,2707710864081159,83666
41,Sr. Lucas Azevedo,284.063.957-29,05/09/1965,+55 (039) 95076 0334,2272353267592699,30864
42,Davi Lucca Almeida,628.097.534-74,11/04/1995,+55 99 9 2260 6695,2242583861269511,84941
43,Larissa Farias,763.918.420-78,30/01/1998,+55 (85) 9 8099 7340,2720561802606661,9502
44,Theo Ramos,972.183.406-87,17/07/1994,+55 55 9 2578 0342,2715460486064635,49572
45,Sr. Cauê Correia,952.034.816-60,13/10/1988,+55 68 9 8222 3230,2627594516425858,84068
46,Olivia da Conceição,684.132.597-46,10/04/2004,+55 12 9 2099-8139,2720814926100156,16630
47,Sra. Gabrielly Cavalcanti,754.831.920-79,10/06/1995,+55 (20) 92869-3764,5192627906196537,11835
48,Laís Barbosa,714.693.582-55,30/08/1966,+55 (52) 94927-1176,2716814731425125,86673
49,Ana Carolina Cunha,983.067.425-83,03/09/2002,+55 (55) 91033-7443,5175851149635629,96027
50,Gustavo Henrique da Paz,754.391.082-97,26/12/1981,+55 (035) 95645-6417,2261725325731661,92145
51,Maitê Rezende,936.428.170-50,21/05/1962,+55 63 96090-6143,2272125030068029,50099
52,Otávio da Paz,173.604.852-07,03/06/2002,+55 (66) 97063 6094,5195557298141147,84910
53,Ryan da Conceição,926.148.730-04,31/10/1984,+55 (018) 97727-8526,2256198537357609,86976
54,Rebeca Almeida,867.139.245-73,27/09/1964,+55 (045) 97928-1348,5402505927636739,44832
55,João Vitor Barros,583.921.704-23,12/02/2001,+55 (39) 9 7037-9583,5100237931864579,95455
56,Caroline da Cruz,589.736.421-46,01/08/1998,+55 (012) 93126-7835,5206316996830288,6403
57,Luiza Lima,681.043.957-93,04/08/1987,+55 41 90390-9852,2441974366853942,11814
58,Augusto da Costa,571.439.280-97,28/07/1963,+55 (22) 9 0163-0446,5454593880588029,80316
59,Alexia Ferreira,529.047.361-07,11/05/1985,+55 (19) 92708-3518,2232363975245836,7859
60,Lucas Gabriel Lopes,240.759.831-88,29/08/1959,+55 (04) 9 1243-8857,5368861197524366,7972
61,Pietra Gomes,098.527.613-40,19/04/1960,+55 (82) 94906 6493,2255877165280370,13315
62,Alice Duarte,149.675.308-93,13/03/1983,+55 83 9 7446 6702,2653323422848020,14819
63,Thiago Peixoto,239.641.578-64,22/04/1996,+55 73 90626 8636,2708712180103674,58997
64,Emilly Oliveira,564.901.728-01,27/02/1999,+55 81 97372 9840,2720255548420731,69147
65,Julia Mendes,749.132.865-28,22/12/1976,+55 84 9 9336-3482,2629888754647803,28228
66,Srta. Eloah Ramos,103.482.576-35,24/08/1987,+55 94 90009-2436,2555196102098457,81097
67,Srta. Joana da Paz,528.391.670-77,16/06/2001,+55 69 90281 6459,2230525477954170,93446
68,Calebe Silva,486.935.127-73,03/10/1994,+55 91 9 2741 6441,2288810090216673,67793
69,Ian Cunha,163.097.845-01,01/05/1964,+55 (66) 9 8078 2823,2712197444360084,35653
70,André Gomes,298.076.541-49,25/09/1985,+55 15 9 3475 7788,5315766878681324,9350
71,Juliana Silva,521.760.384-44,09/11/1989,+55 (49) 94576-9597,2653806558039174,37813
72,João Lucas Pinto,930.467.521-99,18/11/1959,+55 25 94776-0375,2221782649730795,71820
73,Natália da Luz,975.423.186-91,05/10/1976,+55 64 93343-8957,2249592532482893,70672
74,Levi Rocha,325.410.967-80,04/09/1976,+55 (35) 96500-3392,2707148476560106,85286
75,Sr. Vitor Hugo Fogaça,987.243.510-32,21/05/2003,+55 11 9 8098 5919,2240014196299835,79144
76,Gustavo da Cruz,239.167.850-95,23/03/1993,+55 (31) 9 2623 9058,2524194930239060,76474
77,Danilo Rodrigues,805.176.342-44,30/01/1969,+55 (31) 9 5745 8943,2268612619182723,7583
78,Emanuella Teixeira,321.896.540-33,02/07/1974,+55 68 9 2892-0497,2696373611861879,84728
79,Dra. Bárbara Azevedo,398.047.562-00,16/03/1983,+55 (71) 93182 9389,2696964790553038,60789
80,Clara Silveira,302.195.876-12,05/02/1998,+55 (65) 9 4191 7599,5332630742852181,26785
81,Dr. Rodrigo Cardoso,538.247.910-05,28/10/1964,+55 42 9 8397 5292,2716431227862040,39217
82,Maria Julia Cardoso,518.374.062-35,28/04/1980,+55 (94) 9 8623 1982,2530329229921141,29480
83,Gabriel Rezende,946.057.138-75,19/08/1974,+55 (66) 9 0433 1923,2637504698825989,68449
84,Catarina Jesus,174.952.806-11,06/12/1964,+55 67 90489 6799,2632041643774868,55500
85,Otávio Sales,420.185.793-04,27/11/1978,+55 93 95621-3577,2226666591187218,23780
86,Luiz Miguel Nogueira,736.590.841-66,23/10/1986,+55 (48) 9 1850 2015,2277335974827604,70441
87,Alexandre Cavalcanti,534.706.298-38,14/02/1984,+55 (03) 9 1272 2742,2490860114163462,58333
88,Lucas Gabriel Santos,852.390.674-65,28/07/1971,+55 (57) 97454-2237,2270579430178238,31725
89,Pietra Melo,820.365.417-71,13/06/1967,+55 (17) 92188 6943,5360875039467848,31547
90,Arthur Carvalho,568.391.247-46,22/07/1984,+55 47 9 2666-9947,2705469250677417,60339
91,Daniela Melo,360.421.897-78,18/03/1995,+55 (090) 93208 6624,2297480272117443,61558
92,João Vitor Azevedo,945.630.821-98,09/07/1968,+55 (048) 93616-0015,5144000902927199,97455
93,Anthony Cunha,198.450.763-00,01/10/1978,+55 77 9 8281 2568,5518083165858986,85127
94,Gabriela Duarte,912.437.685-09,24/12/1958,+55 24 93221 7724,2252025531872453,26711
95,Pedro Miguel Correia,935.680.217-30,05/07/1959,+55 36 90684-2404,5356043245812739,10547
96,Mariana Cardoso,640.275.138-35,07/09/2000,+55 (98) 93083 7879,2720555106527367,84050
97,Alana da Mota,976.831.425-73,10/04/1976,+55 (034) 91290-4212,2252648658677148,70853
98,Gabrielly Fernandes,496.870.325-29,23/03/1978,+55 00 9 6814-0076,2705878787929093,29831
99,Sr. Henrique Pinto,139.748.652-09,01/08/1998,+55 (074) 97583 0584,2298914282215309,3700
100,Luigi Ribeiro,180.953.624-33,10/11/1961,+55 27 95051-1914,2269520766316474,5169
101,Natália Sales,629.713.540-16,27/10/1996,+55 (055) 94753-2725,2247218997521528,94641
102,João Gabriel Correia,165.827.403-26,29/07/1989,+55 (22) 9 8273 1841,5261677220121691,75729
103,Gustavo Henrique Cardoso,913.652.708-40,14/09/1991,+55 26 94221-3857,5358647025273314,16680
104,Vitor Hugo Pires,615.980.243-70,05/05/1969,+55 (57) 95978-4409,2720243881472105,13337
105,Marcela Souza,896.732.401-40,31/07/2005,+55 (080) 97201 8021,5254310325689565,98621
106,João Vitor Barbosa,930.857.642-83,06/01/1961,+55 (054) 94758 6754,2647856564037463,48297
107,Sarah Costela,273.146.058-07,28/02/1986,+55 (071) 97362 1080,5319229355116724,70876
108,Sr. Otávio das Neves,974.013.628-13,11/02/2003,+55 (024) 94527 5811,2290035635691513,12356
109,Maria Sales,436.750.219-80,03/12/2004,+55 (47) 90922-8957,5364740607124542,47571
110,Brenda Rodrigues,705.138.249-79,23/09/1961,+55 (78) 92652-8592,5313137306545949,17175
111,Manuela Azevedo,476.813.025-90,15/07/2005,+55 39 95422-4315,2292449260126612,18032
112,Renan Farias,813.257.046-44,27/09/1994,+55 (90) 9 7438-0710,5293273849912587,63564
113,Pedro Henrique Melo,483.920.716-03,02/10/1973,+55 (51) 9 4925 0096,5163697402978105,29239
114,Amanda Carvalho,268.415.039-70,28/11/1976,+55 (26) 9 0568 3859,2240678035729333,99320
115,Eduardo Costa,458.721.963-00,17/03/1971,+55 19 9 7263-6628,2495098338673918,64667
116,Ana Sophia da Costa,240.971.863-96,13/04/1970,+55 20 98379-4603,2714351475404158,7417
117,Diogo Mendes,398.157.026-02,19/11/1989,+55 60 98086-1438,2261186852214425,45020
118,Evelyn Farias,831.972.654-91,15/07/2002,+55 27 9 5821 7675,2720472406179214,52353
119,João Vitor Dias,416.592.073-80,18/05/1977,+55 85 9 3321-1892,2265783629925204,5484
120,Sr. Calebe Silva,531.964.027-70,29/01/1983,+55 (045) 99130-6485,2249541720174549,13935
121,Alexia Mendes,539.726.804-65,16/11/1976,+55 (84) 9 6908-1506,5512084353913654,80697
122,Maysa Gomes,017.253.894-79,30/06/1958,+55 29 90150 3374,2269585798032332,65474
123,Daniel Cavalcanti,081.456.372-44,15/12/1976,+55 (85) 9 8329-4846,2720807993648412,11115
124,Dr. Samuel Silva,478.092.536-38,08/05/1992,+55 01 95918-3900,5147180734844361,16318
125,Lavínia Rocha,450.698.271-11,05/04/1991,+55 (067) 94549 3287,2447112804555068,36145
126,Heloísa da Luz,470.962.513-16,30/07/1961,+55 07 99259-4470,2423531067690502,23118
127,Alana Ramos,432.806.519-05,23/07/1964,+55 46 98941 5795,2255308378065085,27314
128,Theo Correia,830.654.279-74,07/06/1985,+55 (76) 92742-0545,2253600129592009,90078
129,Bruna da Costa,128.493.605-89,22/10/1971,+55 (03) 9 9055-5195,2281635942382929,37339
130,Valentina Correia,581.472.693-82,31/05/1979,+55 65 9 1524-2571,2285452633297960,11854
131,Vitória Farias,052.938.641-06,12/11/1971,+55 (60) 99369 7796,2296042251897295,42235
132,Daniela Costela,407.623.598-38,17/12/1972,+55 72 94350 4963,5139624983269754,23479
133,Lorena Cunha,068.271.543-35,14/01/1977,+55 (37) 9 3277-0638,2266144223422537,89278
134,Maria Sophia da Cruz,012.746.593-61,14/05/1971,+55 16 94598-8418,2700056975931669,57027
135,Ana Júlia Fernandes,852.061.349-70,10/11/1975,+55 89 99681-1983,2235862010536916,37861
136,Cecília Mendes,192.785.436-91,11/07/1967,+55 (08) 94638 1955,2258379390914615,67498
137,Caio Martins,514.082.639-98,08/01/1981,+55 32 93209-0778,2703633915241776,12838
138,Pietro Ribeiro,473.681.925-19,23/10/1974,+55 (62) 9 2987 1395,2714047363495056,22438
139,Kevin Araújo,980.576.321-86,20/09/1979,+55 86 91640 5005,5490819803996411,13764
140,Diego Costa,283.174.960-31,04/06/1960,+55 (71) 93267-1331,5567649380862795,54454
141,Benjamin Lima,678.453.290-29,29/05/1998,+55 (88) 9 3543 8644,2295531443136829,15744
142,Sr. Kaique Rezende,345.908.617-39,01/04/2005,+55 84 9 4066 3092,5266566047990104,1280
143,Paulo Duarte,256.149.308-33,27/11/1970,+55 (33) 9 2007-4480,2297920208651502,88196
144,Letícia Silva,346.095.872-38,03/04/1988,+55 (81) 98386-5439,5254199217075466,23526
145,Arthur Souza,296.571.830-30,06/08/1960,+55 95 94794 4855,5517811225638456,60927
146,Isabella Fernandes,801.539.674-39,02/11/1993,+55 (026) 92680-5644,5519785938037867,89861
147,Marcos Vinicius Viana,034.712.965-06,04/05/1991,+55 (62) 9 0394 3740,5266802156346857,62248
148,Brenda Carvalho,530.862.479-83,28/03/1985,+55 (07) 9 3342-2730,5336660294409342,64960
149,Isis Correia,951.832.740-88,13/02/1996,+55 73 94410-1963,2537868722087168,93290
150,Pietra Lopes,215.348.697-19,03/06/1960,+55 (48) 9 4690 7174,2485791436757276,92302
151,Sr. Fernando da Rocha,924.501.687-02,07/09/1996,+55 (042) 90654-6000,2246106793140273,25069
152,Ana Beatriz Campos,042.315.879-14,14/07/2001,+55 07 97521 0900,2246407418215585,98909
153,Catarina Teixeira,934.715.680-93,31/10/1962,+55 68 9 4821-5612,5268094953000030,75377
154,Sr. Pedro Lucas Carvalho,497.063.182-40,03/04/2001,+55 (91) 9 2815-5450,5364540275331654,3432
155,Mirella Cardoso,293.640.871-78,12/10/1960,+55 37 99937-8173,2289559906156651,53793
156,Cauê Moura,694.581.703-20,23/03/1998,+55 (030) 95611 9890,2282257654456277,75936
157,Beatriz Rezende,265.907.183-77,06/08/1973,+55 (14) 95901 7893,5177131339355041,63549
158,Sra. Nicole Alves,509.138.724-23,27/08/1989,+55 (085) 90501-7703,2601616279949608,4671
159,Alícia da Rosa,297.136.085-77,16/08/2002,+55 (076) 94759-9812,2710777463005678,17244
160,Otávio Aragão,835.176.290-30,12/12/1978,+55 (14) 9 6319-5626,2707146556564030,13283
161,Isabelly da Rosa,150.369.874-20,01/04/1973,+55 34 91341 3239,2354238702791041,14730
162,Rebeca Fogaça,382.567.409-65,12/02/1995,+55 45 9 7762-9734,2367057505757115,46285
163,Dra. Esther Gonçalves,965.783.012-59,14/09/2004,+55 80 9 6850-5097,2696304883983182,93188
164,Ana Vitória Vieira,045.293.167-34,01/09/1986,+55 (96) 9 4749-8342,2243733453952169,97938
165,Vitor Hugo da Rocha,936.718.240-69,08/07/2001,+55 43 9 0051 7447,2294385891565182,22102
166,Pedro Henrique Ribeiro,965.824.170-02,12/11/1996,+55 21 9 4038 5685,5489703860669884,34688
167,Calebe Cardoso,564.913.708-01,24/12/1982,+55 (051) 90557-2840,5372748229138279,84351
168,Cauã Silveira,596.210.378-59,24/06/1992,+55 (98) 9 1999-7405,2707184195092428,34061
169,Dr. Enzo Gabriel Nascimento,580.264.371-44,17/12/1977,+55 (56) 9 6732-7030,2502128311638025,90496
170,Bruna Costa,653.870.492-10,07/03/1983,+55 81 9 9102 4798,5544999354272531,14778
171,Cauê Novaes,760.418.953-93,20/06/1997,+55 02 9 3413-0976,2373415765900191,65292
172,Lorena Pires,370.218.596-86,09/02/1994,+55 53 9 3350-9101,2245918643277738,50675
173,Ana Laura Santos,821.694.703-87,25/03/1992,+55 43 9 2133-4401,5587421139833279,71881
174,Luiz Felipe Sales,156.490.327-34,22/10/2001,+55 (065) 98833 5397,5269708535205713,12846
175,Valentina Nunes,482.150.397-23,23/05/1979,+55 (44) 9 0954-1090,2402104411139900,52215
176,Gabrielly Melo,970.456.321-34,19/11/1971,+55 (03) 9 5552-6360,5149834290643009,49373
177,Camila Porto,923.648.571-55,22/01/1982,+55 87 9 3440 5949,2253458446711632,31699
178,Camila da Rocha,457.839.601-01,27/09/1998,+55 39 9 7491 0013,2706581174770489,52596
179,Maria Clara Ribeiro,572.941.063-80,05/02/2004,+55 (30) 9 4165-6529,2297262305771549,8734
180,Ana Jesus,034.219.875-05,07/11/1993,+55 (048) 91033 5825,2273438064464108,86347
181,Nathan Costela,380.451.297-60,04/09/1965,+55 (007) 99483-5133,5524874743532776,97700
182,Luiz Gustavo das Neves,694.125.370-34,20/07/1991,+55 76 9 3904-9807,2710699200942106,75343
183,Isaac Aragão,461.382.790-69,08/11/1965,+55 (76) 9 5782-9147,2720124838569518,51207
184,Dr. André Correia,294.815.736-64,09/10/1990,+55 (39) 90838 7526,2573786431876942,96591
185,Sr. Caio da Costa,372.091.568-95,26/05/1969,+55 (90) 95574 5955,5346179595611025,74518
186,Maria Fernanda Moreira,301.482.976-50,05/01/1998,+55 (003) 94565-0110,2279204949385833,5457
187,Daniel Porto,621.853.947-46,15/01/1972,+55 53 9 0625-1238,5574907782861992,39721
188,Lorenzo Peixoto,853.062.749-00,30/06/1968,+55 (96) 99822 0319,5139110332356864,79682
189,João Lucas Carvalho,561.420.837-26,06/04/1972,+55 21 95542 7633,5316279878820107,66591
190,Brenda da Rocha,501.462.739-07,26/05/1978,+55 04 9 8469-5740,5172103431833840,97322
191,Evelyn Rezende,763.150.894-10,25/09/1972,+55 (08) 96685 3241,5505021811012694,39444
192,Antônio Pires,130.695.724-99,28/08/1970,+55 (99) 9 2896 5121,2702720904314473,41400
193,Clarice Fogaça,986.327.154-37,21/01/1963,+55 31 9 5930-8106,2283356107644692,35391
194,João Pedro da Costa,201.789.436-22,07/02/1998,+55 (60) 95867 9969,2259912428986426,49451
195,Maria Julia Cardoso,469.837.015-93,05/02/1983,+55 (30) 9 9841 6565,2720635001986163,73845
196,Sr. Joaquim Melo,592.760.813-21,21/07/1988,+55 (069) 96391 3472,2262400355170425,62421
197,Clara Dias,518.239.674-00,13/02/2003,+55 (21) 91264-1894,2627635445243142,27618
198,Juliana Mendes,718.649.530-39,28/11/1985,+55 (02) 9 0574 9452,5194207716710765,24789
199,Guilherme Costela,978.052.341-32,19/10/1981,+55 (059) 94111-1367,5397082268525233,4518
200,Julia da Cunha,152.309.786-86,28/04/1972,+55 (29) 9 3678 0469,5445886441734708,43898
201,Anthony Correia,056.129.437-25,19/06/1980,+55 (26) 9 4546 6984,2717632742192248,91626
202,Guilherme Cavalcanti,510.874.239-88,06/10/1970,+55 (061) 92433-9520,5203107143856232,32282
203,Dra. Olivia da Cunha,763.804.921-78,18/03/2003,+55 98 9 8129-2592,2720659664366968,23247
204,Rafaela das Neves,710.564.329-34,23/07/1973,+55 79 94981-0142,2253119304641895,13759
205,Anthony Costela,316.854.209-15,05/10/1995,+55 (79) 91838 7279,2283214780636792,76201
206,Yuri Nogueira,089.416.273-03,04/04/1962,+55 32 9 6531 6323,2596452446533365,31149
207,Marina Cunha,643.102.875-90,28/11/1971,+55 (020) 92835-7638,5527892090620397,79602
208,Clara Rocha,061.239.874-96,31/03/1981,+55 (095) 97501 3901,2343153578683368,72189
209,Luigi Rodrigues,073.915.286-68,15/05/1962,+55 (66) 9 2001-1791,5336540989788517,79455
210,Heloísa Ferreira,049.573.261-34,19/02/1985,+55 (032) 98992 4772,2234213214775028,17428
211,João Felipe Farias,094.617.852-67,21/11/2004,+55 (16) 9 4565-6553,2647300452997462,25768
212,Antônio da Costa,842.637.901-03,19/03/1963,+55 58 95938-3408,2226839453658655,31451
213,Dr. João Gonçalves,381.206.957-12,02/03/1984,+55 43 9 2145 8058,5125719363400957,57934
214,Maria Fernanda Fogaça,508.431.926-15,26/12/1971,+55 (060) 93361 1415,5561131233851834,53443
215,Valentina Freitas,389.201.756-59,24/04/1986,+55 94 92308 7985,2720362958827130,89889
216,Isabelly Ribeiro,964.150.387-10,25/05/1961,+55 58 97697 1305,2294589525215144,22584
217,Dr. Calebe Lopes,926.485.703-65,19/04/1963,+55 (015) 93472-6388,2707272778598034,9763
218,Bernardo Lopes,679.483.021-31,13/11/1964,+55 (29) 9 2719 5993,2709652989781669,94924
219,Isaac Pires,956.301.742-07,11/06/1966,+55 (21) 95298 2987,2243867209844815,81318
220,Luigi Freitas,604.387.912-31,02/06/1989,+55 (068) 94901-1333,2255828633810504,11185
221,Henrique Nunes,702.569.813-02,11/05/1976,+55 77 9 5923-5592,2716655862714633,54153
222,Ryan Silveira,734.056.289-38,25/12/1998,+55 (38) 9 5551-8940,5501851942593905,70326
223,Maria Cecília Mendes,698.350.412-70,23/07/1990,+55 17 95866-1890,2227650092527493,35767
224,Milena Lopes,415.830.762-71,11/09/1975,+55 53 99813 6420,2395972964384597,89142
225,Dr. Noah Peixoto,163.059.724-43,06/05/1982,+55 (37) 97312-2452,5299862670475468,53665
226,Larissa Silveira,167.529.048-20,10/03/1987,+55 (099) 97655-9254,2717283417241256,15127
227,Rafaela Rocha,902.563.148-70,19/12/2000,+55 (50) 9 5513-1860,2299432815833869,83244
228,Bruna Pinto,048.695.312-24,30/04/1995,+55 06 90903-9021,2238665113512289,6780
229,Thales Rodrigues,816.479.253-55,13/04/1979,+55 (06) 9 1548-0052,5435805839351109,29468
230,Igor Sales,697.280.134-69,16/01/1984,+55 (065) 90769 2577,2245990938131920,26494
231,Laura Duarte,410.357.962-52,29/10/1995,+55 (023) 96203-2803,5328036879078648,64533
232,Vitor Pires,273.018.659-02,21/08/1998,+55 26 9 9864-2684,2616150874697753,32156
233,Lívia Santos,305.162.479-99,23/04/1971,+55 (003) 92973 8877,5298700913918327,47305
234,Maria Fernanda Jesus,234.768.910-03,18/12/1990,+55 (86) 93308 2495,2244308917483058,15883
235,Kamilly Pires,856.972.431-46,13/08/1998,+55 94 90051-6597,2558220693123446,29711
236,Maria Vitória Ferreira,340.815.267-53,04/03/1981,+55 (043) 96606-0617,2235027876802238,2116
237,Sophia Cardoso,019.742.683-22,12/05/1968,+55 (19) 93440-3723,2280075860080281,72635
238,Erick Rodrigues,893.017.642-96,21/03/2001,+55 (037) 91586-9793,2241467624494031,63576
239,Enzo Rezende,016.293.578-12,17/08/1979,+55 (004) 99432-9844,2611668159446773,12774
240,Júlia Peixoto,412.695.370-16,24/03/1973,+55 84 9 0500-0353,5330399258846175,96969
241,Srta. Lara Almeida,527.809.643-83,22/03/1992,+55 (79) 9 7335-7958,2384644791004689,7649
242,Melissa Novaes,306.478.215-08,26/05/1975,+55 99 90037-6744,2720104113895325,94009
243,Vitória Oliveira,150.796.482-01,04/07/1976,+55 70 98345-9326,2694416851453964,98877
244,Sophia Monteiro,107.568.943-01,08/09/2005,+55 94 9 6041 9638,2283271861828177,46743
245,Davi Lopes,204.368.197-40,29/12/1998,+55 (023) 97706-1439,2293111634015835,71188
246,Alice Nogueira,021.759.364-06,09/06/2004,+55 (041) 96545 9813,2236629133464600,27540
247,Ana Carolina Novaes,640.937.852-10,01/09/1971,+55 68 99827 1190,2333301133758553,3409
248,Dra. Raquel Alves,698.435.207-00,30/05/1968,+55 (66) 92748 8065,2230652135655237,73450
249,Elisa Nascimento,163.520.987-03,09/05/1975,+55 (59) 96725-1355,2230581549014279,44672
250,Gustavo Cardoso,812.405.976-49,17/03/1964,+55 11 92925-2487,2253804353675403,58779
251,Valentina da Conceição,439.215.608-70,07/06/1999,+55 75 9 9134 2040,5114456629819679,3834
252,Dr. Murilo Ribeiro,176.038.295-77,18/12/1965,+55 (29) 9 6322-8133,2284477890544680,88020
253,Maria Sophia Aragão,460.157.839-66,21/06/2001,+55 19 9 8314-1966,5471042573345320,90254
254,Pietro Sales,372.185.096-30,08/04/1997,+55 78 9 8363 7805,5464991753121068,51989
255,Joaquim Martins,125.840.936-42,09/01/1988,+55 (005) 94334 7084,2701903296027678,23706
256,Laís Lopes,879.026.354-56,29/05/1995,+55 15 9 1666 3570,2278244902028450,5435
257,Maria Fernandes,638.279.105-95,27/01/1965,+55 (38) 9 9616 7766,5303403922623698,36790
258,Amanda da Luz,092.765.384-29,24/12/1961,+55 (38) 9 8058 1853,2720817778997991,14270
259,Eduarda Cavalcanti,890.457.612-11,15/08/2002,+55 (030) 95069-3791,2711496243026834,77938
260,Sra. Nicole Caldeira,267.308.951-95,24/12/1968,+55 92 9 5380-5660,2241527818178573,83263
261,Alexia da Cruz,827.153.649-46,04/02/2001,+55 72 93712 6913,2374481176632517,22822
262,Francisco Dias,512.984.306-15,05/05/1958,+55 96 9 9168 8809,5313169990659603,33713
263,Maria Alice Jesus,570.286.493-00,21/07/1989,+55 (81) 93376 1082,2222268837733147,48705
264,Vitor Caldeira,648.792.315-09,27/05/1984,+55 19 9 1712-5516,2256248490848274,17622
265,Leandro Barbosa,348.057.926-47,28/04/1991,+55 (15) 9 0226 5501,5555605199595277,38213
266,Vitor Vieira,729.364.851-00,23/12/2003,+55 50 9 7629-4531,2232960754571009,22403
267,Dr. Kaique Dias,631.402.579-61,22/01/1992,+55 62 95699-1865,2255192733172095,90331
268,João Gabriel Caldeira,432.097.856-00,07/06/1985,+55 00 95116-7695,2259990343808701,15710
269,Alice Almeida,125.364.097-16,27/09/2002,+55 (025) 97217-0769,5307911927290103,69246
270,Isadora Mendes,156.340.872-44,14/09/1999,+55 (070) 97682 9026,5418833901109537,35173
271,Sr. Ian Costela,530.946.872-29,28/09/2002,+55 (57) 9 2827-5202,2255534964590745,33964
272,Rodrigo Ferreira,307.629.841-04,17/11/1992,+55 (98) 93636 1241,2262829766638119,77394
273,Gabrielly Lima,768.235.409-74,07/08/1963,+55 80 95457-1992,5291630434166410,42337
274,Srta. Clarice Gomes,801.654.293-05,30/09/1967,+55 (11) 9 3710 7256,2295729903631483,71702
275,Otávio Jesus,763.910.842-03,22/02/1997,+55 42 92903-1403,2227965179167900,28333
276,Davi Luiz Ribeiro,643.572.108-44,30/10/1979,+55 42 92623 1623,2228599106064457,18186
277,Dra. Maria Cecília Carvalho,351.207.986-59,09/07/1982,+55 (40) 9 6098-6615,2237201382849730,97627
278,João Vitor Rocha,148.653.029-05,19/10/1975,+55 12 9 4379 3373,2720334648834974,24255
279,Mariana Cunha,730.529.814-04,20/06/1980,+55 73 93983 6037,2238886587107311,88125
280,Luiz Gustavo Rezende,241.856.097-01,28/11/1959,+55 (091) 98568 7999,2261175301868931,30004
281,Helena Pereira,754.386.012-08,10/09/1993,+55 (22) 95757 4407,2275935023156236,80437
282,João Pedro Martins,452.630.197-34,03/07/1980,+55 (83) 97556 8559,2241442035472215,13860
283,Dra. Rafaela Santos,126.370.589-86,23/03/1976,+55 (038) 95692 8459,2386459060497631,49884
284,Carlos Eduardo Farias,624.793.158-19,19/12/1967,+55 (85) 93094 4978,2268665102511345,33029
285,Sra. Maria Vitória Rodrigues,069.527.381-77,12/03/1967,+55 (067) 90451-7594,2720393913540377,45151
286,Larissa Mendes,827.610.934-96,05/04/1993,+55 41 96818-6342,5532134408164997,59317
287,Sr. Bernardo Novaes,182.503.964-05,31/03/1978,+55 (66) 9 7124-1177,2267958342706127,6726
288,Rodrigo Aragão,795.248.316-19,20/08/1968,+55 89 95127 5298,2371272164708580,21127
289,Amanda Silva,490.812.563-51,02/07/1979,+55 (74) 9 0712-2103,2303631834889836,22592
290,Sarah Nunes,218.436.750-80,04/09/1962,+55 (097) 95960-0381,2700255303421258,17570
291,Antônio Alves,914.523.780-88,23/11/1975,+55 (83) 9 3822-9422,2269033264483028,68925
292,Eduardo Nascimento,071.394.582-60,20/04/2004,+55 18 9 7228 6748,5295695355867375,9041
293,Isadora Nunes,632.815.490-98,11/11/1960,+55 (71) 95049-3331,2258010246163707,94915
294,Luiz Henrique Jesus,924.107.865-02,07/06/1963,+55 (51) 9 8576-6446,2239072644849265,9043
295,Sarah Campos,905.321.846-70,19/12/1990,+55 (22) 95507-7312,2713627062398163,58608
296,Marcos Vinicius Araújo,287.964.305-83,25/02/1959,+55 (50) 9 2897-9185,2278554957836056,18444
297,Dr. Caio da Paz,278.946.105-85,10/12/1991,+55 (51) 9 7268 1318,2222463881510927,97352
298,André Costela,294.167.083-13,21/08/1973,+55 68 99829-5842,2297124257430765,59043
299,Dra. Alana Lima,381.472.509-32,20/04/1962,+55 (099) 91118 1936,2248511985859697,75279
300,Daniela Rezende,018.934.256-06,17/12/1989,+55 12 9 3380 7133,2439233323132716,12314
301,Sarah Teixeira,475.618.932-64,10/01/1989,+55 (84) 9 3220 0727,5515563143287179,15671
302,Letícia Gonçalves,065.921.478-49,09/10/2001,+55 (067) 91196 4984,2719876792370190,86295
303,Sr. Cauã Pinto,172.639.085-30,08/05/2005,+55 (019) 96225 4563,2262899613238546,69330
304,Renan Oliveira,345.789.120-60,02/05/1982,+55 89 9 8604 5007,2296369526455157,83948
305,Thomas Cardoso,583.970.426-10,11/07/1996,+55 23 9 1733-6206,2609017299702477,3326
306,Emanuelly Souza,356.408.712-53,24/12/1982,+55 (01) 97678 4942,5502240596620264,67760
307,Pedro Henrique Melo,875.491.603-84,26/08/1966,+55 53 97898 4931,2234328041769950,97985
308,Mariana da Paz,084.296.351-06,17/09/1999,+55 (033) 92586 3665,2283445201673358,38542
309,Ana Vitória da Costa,529.674.130-70,10/07/1969,+55 60 95805 1409,5147730568611615,20477
310,Danilo Nascimento,304.871.256-90,23/08/2002,+55 63 9 1367 0064,2231919841765389,85979
311,Helena Azevedo,609.547.832-47,08/01/1969,+55 (04) 91369 3485,2569500194946826,82609
312,Júlia Nunes,490.256.138-70,17/02/1980,+55 (086) 92754-2399,2526007238377960,7335
313,Ryan Oliveira,180.425.679-01,26/09/1973,+55 70 9 1505 6192,5368616626165961,15829
314,Ian das Neves,689.107.254-94,02/10/1991,+55 68 9 7627-5429,2703216272346220,33060
315,Vitória Barros,231.095.864-60,08/02/1979,+55 (66) 96298 9612,2247660426872180,36066
316,Valentina Fernandes,786.421.539-46,02/11/2005,+55 48 90984 3078,5399950892336540,6677
317,Felipe Silveira,413.928.760-87,26/05/1970,+55 (51) 9 8509 8477,5477002621036689,68378
318,João Felipe Souza,896.130.725-86,08/01/1986,+55 (067) 90771 0895,2226575266206502,77943
319,Dra. Mirella Santos,789.106.354-01,04/06/1986,+55 50 91885 8508,2345961125956162,69568
320,Matheus Cardoso,426.137.805-17,07/10/1982,+55 (98) 9 0661 3251,5537587474700173,9013
321,Raul Gomes,615.879.342-64,09/08/1974,+55 07 97253-4565,2254787956100433,30613
322,Pedro Henrique da Conceição,217.493.586-46,29/09/1980,+55 (50) 9 6008 5388,5566264223293694,18377
323,Dra. Marcela Alves,147.352.908-50,09/01/1989,+55 55 94410 5100,2232361498260837,9822
324,Lucca Almeida,258.739.641-73,19/03/1989,+55 80 98983-3622,2290096473066705,97426
325,Clara Oliveira,607.198.423-87,24/01/1975,+55 18 92427 3335,2720514987111635,53924
326,Luiz Henrique da Mata,476.153.980-10,23/08/1996,+55 (058) 99413 0429,2714235401780015,82250
327,Alana das Neves,205.718.496-01,20/08/1963,+55 (28) 98530-0477,5206856213837285,70666
328,Caio Pires,209.175.634-25,20/07/1971,+55 60 9 8730 0619,2720785975530032,89230
329,Dr. Raul Dias,875.219.463-91,12/05/1968,+55 56 9 5550-0069,2668823343190777,58439
330,João Vitor Ferreira,698.204.517-01,14/10/2001,+55 96 9 9758 8848,2393171472254598,31931
331,Vitor da Mota,362.105.479-07,24/10/1961,+55 (040) 99262-1944,2720973191614281,45504
332,Juan Farias,317.486.520-44,01/11/2005,+55 96 9 1581-6022,5306768592319695,74658
333,Maria Luiza Melo,614.208.537-08,02/05/1985,+55 19 98317-7730,2703453561328896,20936
334,Maria Luiza Campos,670.189.524-76,22/04/1985,+55 (040) 93965-4948,2483664695313721,79586
335,Vitor das Neves,369.705.812-68,28/11/1965,+55 (62) 9 9221-1084,2703040940424692,45701
336,Alexandre Gomes,372.590.681-59,18/04/1963,+55 07 94890-2137,2232489602470768,52529
337,Fernanda Araújo,943.285.167-28,22/05/1966,+55 (055) 99885-5955,5599190607938664,11676
338,João Vitor Farias,957.043.268-38,11/02/1979,+55 (69) 95406-1865,5197518804918707,97505
339,Maria Eduarda das Neves,357.408.612-17,16/10/1977,+55 (34) 90327-5736,2271309073152277,28570
340,Yago Vieira,501.739.426-52,11/03/1960,+55 79 9 1562 2256,2231646303109570,34941
341,Caroline Martins,042.158.739-32,24/09/1967,+55 49 94191 6687,2289419294902861,79569
342,Marcela Duarte,629.140.378-13,16/03/1966,+55 09 99665 4759,5456335095583934,72392
343,Sr. Samuel Teixeira,619.387.452-64,27/11/1959,+55 (096) 91969 3265,2590278515309403,8887
344,Emanuella Moreira,815.047.629-67,23/05/1962,+55 (083) 95086-8788,2720963030448678,10461
345,Dr. João Miguel Correia,674.351.028-90,24/05/1977,+55 (36) 91567-8067,2240288989383747,62928
346,Milena Ribeiro,319.645.827-09,19/11/2005,+55 (78) 95421-4844,2291779659981693,3750
347,Cauã Ferreira,041.697.358-20,08/09/1967,+55 (045) 92724-2094,2298208668035567,37387
348,Valentina Martins,437.269.508-00,10/03/1958,+55 (20) 9 1692 2971,2263425382390364,26315
349,Francisco Porto,758.693.420-74,26/09/1972,+55 (14) 9 0180-0917,2277857479506607,94685
350,Thomas Rocha,934.762.185-46,22/09/1974,+55 (76) 9 2881-8671,2713496316937980,73834
351,Nathan Fernandes,046.325.971-80,01/03/1977,+55 (15) 90275 0881,5246768721099658,37200
352,Matheus Fogaça,589.436.107-93,29/09/2000,+55 (53) 97597 0597,2284947958811825,62602
353,Eloah Ribeiro,418.762.503-80,17/10/1997,+55 (81) 94708 5228,2433602241084603,68146
354,Arthur da Mata,390.524.817-41,20/05/1989,+55 95 9 9329 3117,2280526233784876,68432
355,Luiz Felipe Souza,684.317.290-31,08/12/1999,+55 (00) 9 1012 0420,2720382705473855,29016
356,Mariane Martins,713.409.568-10,04/06/1992,+55 58 9 6495-1988,2710137069334503,41029
357,Sr. Antônio Moraes,283.960.154-06,24/08/1993,+55 (71) 9 8748-5499,2240756727813589,89889
358,Dr. Theo Peixoto,581.462.730-17,18/01/1994,+55 (041) 92514 8007,5305806884073181,44432
359,Alana da Mota,592.841.306-89,08/08/1963,+55 (79) 9 5024-2833,2720623597025612,16984
360,Ana Vitória Peixoto,579.026.318-68,10/11/1988,+55 (24) 91618-1921,2232396440703773,28640
361,Bryan Cunha,856.721.049-67,29/07/1972,+55 (042) 98523 7072,2256098612611369,30959
362,Danilo Freitas,726.183.905-12,19/04/1980,+55 (66) 90158 3835,2437135567382810,23084
363,Joana Pereira,457.961.238-82,24/07/1975,+55 59 9 2143 1068,2289628240387064,56482
364,Matheus Duarte,367.182.509-02,18/03/1966,+55 (55) 95627-6275,2221074310977339,96094
365,Ana da Mota,480.379.621-13,13/04/1969,+55 59 9 5393 8711,5228858767214949,86997
366,Sra. Brenda Vieira,254.736.819-64,19/04/1995,+55 (72) 9 7691-6929,5133238785239661,91096
367,Sr. Luiz Gustavo Oliveira,913.625.740-07,17/10/1967,+55 (054) 95264-6822,2390734942316314,63627
368,Maysa Freitas,346.109.857-48,14/09/1965,+55 (82) 96608-0455,2271345422932472,52370
369,Lavínia da Costa,059.271.834-41,06/03/1995,+55 38 99010 2079,2223443581950598,13868
370,Anthony Melo,497.168.250-30,16/07/1961,+55 42 94514-5560,2223960406536435,10318
371,Lucas Gabriel Farias,560.713.489-00,20/05/1989,+55 49 94642-1860,2294811893259599,23331
372,Maria Vitória Almeida,671.583.042-80,15/04/1982,+55 (075) 91492 7199,5488872858859863,42298
373,Cauê Moraes,736.854.029-00,17/07/1966,+55 28 9 9626-1432,2237273030408052,52397
374,Caroline Porto,831.625.704-17,04/08/1962,+55 59 9 7442-0908,2720165706462377,38743
375,Calebe Costela,847.923.506-38,10/05/1985,+55 (86) 9 6546-2676,2263430205682385,77187
376,Juliana da Mota,018.567.934-00,26/07/1970,+55 (22) 9 2935-7987,2287524358073293,23579
377,Ana Luiza Viana,018.264.539-89,14/07/1977,+55 (28) 9 7435-9196,5217972614940250,66226
378,Dra. Stella Melo,473.986.150-00,05/07/1961,+55 (75) 93195 7258,2713725313672749,95462
379,Srta. Alice da Rocha,235.716.849-82,27/12/1981,+55 34 9 3612-1651,5102646387118215,3445
380,Sr. Miguel Lima,530.812.647-07,06/01/1978,+55 (19) 9 9422 2606,2269165880420800,58360
381,Stephany Monteiro,478.069.235-00,10/06/1971,+55 (023) 90705-7211,2227206632521023,51151
382,Bianca Gonçalves,382.671.094-04,09/02/1963,+55 (53) 93080-4159,2281359834457091,21860
383,Evelyn Moura,583.074.691-39,14/07/2001,+55 (70) 9 4811-3700,2720635676172883,18864
384,Ana Lívia Araújo,840.357.296-47,22/02/2004,+55 (02) 91879 6725,2693993778300800,60911
385,João Miguel Aragão,209.756.183-77,10/02/1974,+55 (099) 93855-4529,5407051322991812,76321
386,Dr. Daniel Freitas,405.362.189-51,17/04/1978,+55 (31) 98992 7841,2221247329958033,74816
387,Larissa Viana,708.569.142-58,17/04/1975,+55 70 98342 5437,5109947566540101,91032
388,Dr. Pedro Lucas Pires,231.079.846-04,15/05/1963,+55 (048) 99943-1229,5121919848760231,24248
389,Valentina da Rocha,768.214.095-01,10/02/1976,+55 (051) 93135 6221,5370517168131583,42816
390,Esther Peixoto,492.037.618-96,22/04/2003,+55 (12) 95289 0516,2680628173540767,2670
391,Antônio Nascimento,903.624.517-61,16/04/2002,+55 (61) 97527 4157,2638143170043164,85496
392,Luigi Costa,842.705.913-23,07/02/1987,+55 63 90337-7589,2226370959900508,30932
393,Sra. Natália Teixeira,864.950.723-92,20/12/1986,+55 84 90030 5047,2720649074687764,43683
394,Lívia Viana,347.268.159-46,17/10/1968,+55 19 90525 8846,2477081609854567,74324
395,Benjamin Jesus,247.691.850-49,04/08/1958,+55 (88) 95828-7688,2632696036083357,65429
396,Sra. Ana Vitória Vieira,982.473.615-82,04/09/1978,+55 29 97551-7224,2720462336529000,56584
397,Maria Vitória Araújo,068.713.945-75,19/11/1965,+55 88 94746-9015,2526711310812105,28012
398,Carlos Eduardo Correia,129.748.350-23,04/08/1987,+55 (23) 9 0593 7517,2450831372178003,63663
399,Emanuel Carvalho,602.759.184-67,26/06/1973,+55 (34) 99695 8331,2720998249975574,51457
400,João Guilherme Mendes,602.539.714-70,21/04/1962,+55 52 9 8905 6523,5198729638942099,86240
401,Lorena Ribeiro,062.439.857-92,30/09/1990,+55 (098) 95472 4553,2255106887793910,59826
402,Ana Vitória Ferreira,736.428.509-10,02/10/1973,+55 (20) 91338-8877,2615153711172742,83899
403,Levi Costela,984.716.520-30,21/12/1959,+55 44 97378 9356,2236892193643428,31949
404,Guilherme Moraes,125.764.308-80,06/04/2002,+55 22 9 6492-0504,2559293103079564,18294
405,Ana Clara Carvalho,139.786.425-73,17/01/2000,+55 32 90620 8561,2286066555655655,88174
406,Renan Santos,891.456.320-06,18/05/1969,+55 (14) 9 4379 2409,2548114134359433,59082
407,Olivia Cavalcanti,897.321.604-03,14/09/1977,+55 03 9 7584 6700,2710355327708405,79170
408,Heitor Vieira,216.543.980-98,13/09/1969,+55 46 9 2229 2445,2294215732778340,33870
409,Rafael Caldeira,593.017.248-04,10/10/1969,+55 41 9 9412 8990,2527732939260921,86657
410,Pietra Farias,765.843.021-80,26/11/1962,+55 (010) 97027-3126,2720980265599504,91992
411,Srta. Sofia Fogaça,249.763.081-03,13/08/1977,+55 (09) 9 3535-8841,2711258259204956,94177
412,Sr. Bruno Lopes,140.578.369-93,05/02/1985,+55 46 9 5992 1244,5155785823735905,9120
413,Carlos Eduardo Campos,683.570.914-66,10/01/1958,+55 (62) 9 8955-3409,5357024167294626,14413
414,Ana Beatriz da Mata,426.013.798-04,18/03/1986,+55 (88) 9 5230-7897,2705957167797690,55355
415,João Vitor Pinto,064.921.857-49,26/06/1972,+55 (53) 9 3249-9611,2292740850700554,89552
416,Fernando Costela,419.263.708-13,16/12/1968,+55 (84) 9 0346-4053,2417185932150495,40237
417,Ryan Campos,038.691.527-02,13/09/2000,+55 (70) 9 8167-7163,2408754780959777,92858
418,Paulo da Rosa,148.026.597-76,23/10/1965,+55 (80) 96245 8338,2701393922228363,76109
419,Lara Souza,430.812.756-44,27/09/2005,+55 (19) 9 9538-3100,2266510010458951,18711
420,Calebe Cardoso,348.756.019-48,18/11/1962,+55 13 99207 1515,2270614864618852,64301
421,Dr. João Guilherme Nogueira,832.569.417-37,02/05/1999,+55 (085) 99022-2808,2459633454278458,35563
422,Caio Ferreira,102.745.968-49,15/05/1959,+55 (001) 90750 0446,5229641941723749,82247
423,Natália Rezende,162.743.958-73,04/12/1959,+55 (038) 94010-4148,2361880097068294,40573
424,Vitor Barbosa,173.825.460-71,28/05/1980,+55 13 99825-1771,2615412243890688,73131
425,Thales Moura,295.468.310-42,28/01/1992,+55 (073) 90422 2033,2701177819196696,63484
426,Srta. Milena da Conceição,369.045.712-25,26/11/1997,+55 (61) 9 3805-1155,2252150996362541,41581
427,Pietra da Luz,823.015.476-71,26/10/1974,+55 09 9 1818-4402,2447012193100106,40130
428,Augusto Ramos,174.502.963-06,21/02/1991,+55 00 9 5387-8743,5421448679734682,4588
429,Isabelly Teixeira,813.765.294-91,02/03/1989,+55 43 95574 3932,2384018035631625,7072
430,Melissa Costela,834.679.510-66,25/08/1994,+55 85 99507 6949,2247992399582151,23632
431,Maria Alice Mendes,697.205.418-49,02/07/1967,+55 (79) 98784-8361,2720937031554965,71682
432,Sr. Lucas Gabriel da Costa,138.795.426-19,01/11/1961,+55 (071) 93548 0202,5390357674247771,78969
433,Caroline Lima,892.415.706-01,04/12/1974,+55 (069) 99816-4926,5204852497955887,31527
434,Mariane Nunes,128.590.743-41,18/09/1980,+55 42 90781 2649,2247596480005129,44557
435,Dra. Mirella Fogaça,049.367.812-31,19/06/1967,+55 (41) 91568 0534,2290795210682407,92702
436,Dr. Noah Ramos,214.756.893-73,27/03/1972,+55 18 93696 9065,5358388526730748,25072
437,Elisa Jesus,420.169.537-99,30/11/1972,+55 79 92590 8826,2703796355949685,48928
438,Eduarda Pereira,502.183.497-50,15/10/1991,+55 19 9 7421-7565,2271088877010291,95341
439,João Miguel Fogaça,429.365.718-55,11/12/1974,+55 (061) 98757 1131,2284293619680352,99088
440,Samuel Caldeira,160.274.953-16,20/02/1987,+55 (008) 99120-3415,2226309661169887,50416
441,Benício Souza,987.502.134-23,10/08/1982,+55 02 96937 2954,2260013981605151,13068
442,Isaac Rezende,084.572.619-67,12/08/1987,+55 (024) 95265 1762,2658376325987944,97777
443,Diego Duarte,530.147.986-57,13/07/1980,+55 92 92719 5814,2248002137221283,53725
444,Ana Lívia Araújo,948.176.035-93,17/05/1962,+55 (16) 9 1228-9813,5524859930564476,6648
445,Lavínia Nogueira,192.408.573-97,02/05/1962,+55 15 97967-3806,2434787506304827,78923
446,Isis Pereira,541.267.389-91,26/05/1994,+55 (037) 92641-7528,5442942537741454,99887
447,André Araújo,750.839.462-38,06/06/1962,+55 (50) 9 5805 3625,2688041578197351,70239
448,Srta. Kamilly Nunes,415.693.278-82,26/10/1984,+55 (90) 96475 6437,5145325265317764,74202
449,Ana Beatriz Fogaça,893.062.175-95,13/06/1992,+55 (28) 97853-9802,2508030968156158,78036
450,Daniel Azevedo,693.850.127-03,13/06/1969,+55 (09) 9 5548 9935,2521804893778820,87482
451,Luiz Miguel Lima,216.370.485-80,13/06/1995,+55 (94) 92094 2733,2720168050845379,4135
452,Theo Nunes,671.504.239-06,14/12/1985,+55 (039) 97354-7391,5205303670104223,92311
453,Sr. Vitor Cavalcanti,591.047.836-20,17/09/1959,+55 71 96980 6235,5251813575023487,56410
454,Isabelly Santos,415.073.296-52,24/03/1994,+55 57 9 0162 0577,2704299025153845,11822
455,Pedro Cavalcanti,528.634.197-73,29/08/1971,+55 (76) 9 2696-3118,2720206435720550,76624
456,Anthony Vieira,680.745.192-01,22/04/1983,+55 74 9 0179-0218,2674065564673733,1507
457,Esther Teixeira,692.085.473-29,27/11/1987,+55 (19) 9 3926 1431,5468027495569953,82975
458,Nicolas Santos,520.984.317-32,18/06/1992,+55 35 9 8202-8504,2706698472757339,67062
459,Camila Correia,805.124.639-05,14/06/1976,+55 (026) 95716 3249,2297987256750981,77491
460,Maria Alice Pires,589.207.163-40,17/11/1962,+55 (52) 9 6207 4369,2238284273153833,48554
461,Isis Barros,013.598.724-50,10/05/1958,+55 (032) 94521 9210,2244346244443098,68420
462,Raquel Sales,105.748.369-93,29/09/1989,+55 (42) 97203 3362,2288013990586408,92479
463,Dra. Larissa Rezende,198.046.357-39,21/03/2000,+55 (12) 91676 7196,2264033499957478,27060
464,Kaique Gonçalves,140.892.756-01,17/07/2004,+55 44 90150-7601,5458006543075058,79533
465,Dra. Ana Carolina Campos,612.498.350-89,23/11/1982,+55 79 9 5468 9758,2557805857182963,14062
466,Ana Lívia Dias,864.739.205-10,22/06/2004,+55 84 9 3421 9005,5389315639600057,46640
467,João Miguel Viana,062.159.847-01,18/03/1960,+55 94 91620-3655,2263936199984710,30143
468,Giovanna Farias,953.016.478-57,20/07/1987,+55 (082) 97258 3529,5359952843563162,78763
469,Sra. Alana da Mata,962.051.834-98,06/04/1966,+55 (85) 9 5089-2840,2553508705432093,77936
470,Theo Jesus,428.396.015-24,04/04/1974,+55 (35) 96830-6457,5484847858445354,48745
471,Luigi Rezende,583.124.796-19,16/11/1973,+55 (00) 93766 1125,2251219066831056,90519
472,Yasmin Almeida,103.846.795-01,25/09/1967,+55 (085) 90824-0007,2715784099475379,31407
473,Alícia Cardoso,820.764.195-94,16/11/2003,+55 91 93156 2856,2445000018312222,36491
474,Raquel Ribeiro,692.170.453-06,25/04/1991,+55 86 9 8450 8873,2708875230906725,23128
475,Giovanna da Rocha,921.503.874-41,14/03/2002,+55 (56) 90960 9192,2362732912694110,63805
476,Stephany Sales,781.053.962-03,11/10/1976,+55 (32) 9 9964-5279,2248283182067439,97497
477,Ana Freitas,614.390.752-80,20/01/1985,+55 (50) 96983-8300,2720306969330212,37627
478,Sr. João Gonçalves,810.765.324-62,19/06/1986,+55 (49) 9 3285-3023,2245449918601592,76190
479,João Miguel da Cruz,348.512.706-07,18/07/1993,+55 (84) 9 9170-3722,2288720679948242,74647
480,Ian Souza,571.982.406-58,31/12/1981,+55 54 96631 0921,2617871142481048,30047
481,Srta. Bruna Duarte,732.549.016-06,05/05/1993,+55 (038) 97283-0008,2240374739354673,83609
482,Yago Alves,836.750.124-17,11/12/1965,+55 (091) 96986 8621,2532095716060788,11263
483,Kevin Barbosa,041.365.892-98,07/12/1991,+55 (061) 91970 6959,5264323480900055,39178
484,Antônio Pinto,679.342.580-38,22/12/1971,+55 (34) 98374-1133,5215064474309321,66678
485,Agatha Pereira,275.386.094-74,29/04/1971,+55 03 9 2054-9843,2232645088209729,28021
486,Cauê Novaes,869.157.240-01,16/12/1967,+55 (010) 92668 5677,2241057266375695,68009
487,Srta. Maria Julia Souza,068.432.915-89,18/02/1958,+55 (011) 96083 8235,2476754950312663,10152
488,Carolina Azevedo,124.780.963-31,09/11/1960,+55 54 92179-1324,5475689042115472,89848
489,Joana Fernandes,639.410.572-43,15/08/1975,+55 (38) 93524 1830,2360062163567480,65125
490,Manuela Ribeiro,364.581.079-00,28/02/2001,+55 (08) 90500 1972,2252368814494938,62005
491,Nathan Silva,168.543.920-98,08/03/1959,+55 26 9 9748-0620,2627484517877440,3347
492,Dr. Benício Moraes,574.821.309-50,24/02/1970,+55 (12) 9 7036-4495,2291157747483883,74221
493,Enrico Melo,039.674.512-16,26/01/1989,+55 (096) 92334-4172,2264612671728714,71162
494,Ana Beatriz Moraes,579.648.230-00,05/01/1973,+55 (039) 98423-4777,2701583038108497,67813
495,Dra. Lorena Campos,902.354.167-70,26/01/2003,+55 (15) 9 4504-7646,2720149504138033,42587
496,Enzo Moraes,460.372.895-65,19/09/2003,+55 (02) 9 5501-8818,5432193286632955,63451
497,Pedro Fogaça,971.025.863-02,14/05/1994,+55 (57) 91955 6424,2290180871709791,10946
498,Sr. Daniel Ferreira,624.301.789-31,08/07/1966,+55 77 94811-2110,2291118439555537,69441
499,Heitor Freitas,985.740.326-38,16/09/1988,+55 84 95610-5882,2297114489488509,70930
500,Diogo da Cruz,305.682.917-86,20/05/2000,+55 (052) 92933 1326,5507839286238785,82700
501,Luiz Otávio Ramos,532.146.097-34,05/07/1979,+55 (10) 9 1311 4997,2285316529373021,2496
502,Catarina Araújo,934.126.805-24,06/07/1975,+55 88 94263-5411,2269919500707040,55490
503,Maria Clara Ferreira,253.607.489-74,04/04/1970,+55 (31) 9 9828 2739,5261003525893639,14401
504,Thomas da Paz,470.381.695-48,17/05/2005,+55 84 9 0062 0897,2277527601285293,74188
505,Lucca Cardoso,507.346.981-00,01/03/1999,+55 (20) 95124 0120,2539846748361500,87192
506,Sabrina Ribeiro,805.917.342-14,25/07/1962,+55 22 98638 9287,5377430741222171,59567
507,Esther Lima,063.984.175-93,24/07/1968,+55 11 9 5178 6421,2464800338505736,50514
508,Davi Luiz da Paz,734.056.982-00,12/04/1982,+55 39 9 1118-4621,2245856860126024,92295
509,Luiza Castro,521.897.634-28,26/05/1963,+55 49 9 8075 3902,2339525797035122,72431
510,Kaique Aragão,539.710.826-02,30/01/1981,+55 (50) 9 9083 4455,2720130539050658,63777
511,Luiza da Rocha,129.548.760-85,16/01/1978,+55 74 9 7266 0170,2242877368938630,11950
512,Luiz Fernando Melo,206.517.938-40,27/11/1971,+55 (81) 9 4077-4996,2320396340055293,92462
513,Davi Luiz da Paz,497.523.810-14,27/11/1983,+55 91 91537 8711,2720935182417503,24701
514,Alícia da Rosa,723.509.468-00,29/08/1991,+55 (094) 99599-7196,5431198056920705,3436
515,Lavínia Monteiro,651.832.479-19,02/11/1999,+55 (085) 93654-1532,2488194391507439,27145
516,Clarice Santos,854.631.907-39,21/07/1983,+55 (28) 9 2442 1841,2395313019057534,15745
517,Rebeca Cavalcanti,560.318.492-24,13/04/2002,+55 22 9 5603-0302,5531938733991317,48308
518,Yuri Costa,701.296.435-99,20/04/1984,+55 61 9 5155 7642,2259078031179575,92310
519,Sra. Julia Silveira,237.684.951-91,28/10/1965,+55 30 9 2943-6620,2272683554241091,82791
520,Pedro Henrique Costa,258.903.741-41,09/04/1974,+55 (36) 92765-6528,5445313130084865,40662
521,Vinicius Rodrigues,196.023.475-70,19/08/1971,+55 (67) 98108 6974,2703949162401719,90392
522,Emanuella Ferreira,042.576.198-30,20/09/2001,+55 30 96594-6400,2262749925470917,51642
523,Carlos Eduardo Fogaça,530.978.214-14,10/04/1995,+55 (028) 91282-8905,2244658823249930,74299
524,Eduardo Moreira,781.695.234-19,15/10/1992,+55 (69) 9 2555 1860,5496780069843362,47524
525,Thiago Alves,852.964.703-38,27/10/1967,+55 (01) 9 8161-7157,2716975976928386,35133
526,Davi Luiz Cavalcanti,910.354.782-50,26/04/1993,+55 (083) 98473-2655,5286347264239483,36062
527,Caroline Ramos,701.869.345-48,15/09/1985,+55 (51) 90730 2129,5321495124934491,21584
528,Diogo Aragão,241.785.963-73,17/10/1993,+55 (038) 91039-2999,2273812537997730,59166
529,Gabrielly Castro,189.563.740-66,29/10/1962,+55 (063) 99603-2252,5495152594837460,36707
530,Yuri Sales,057.641.328-35,15/06/2005,+55 15 91406 1898,5268223648464679,38117
531,Marcos Vinicius Moraes,854.279.310-23,27/09/1994,+55 (01) 96098 4777,5424953328604167,38116
532,Joana Castro,740.289.361-87,29/03/1997,+55 07 9 3578 5276,5488259256036023,44060
533,Joana Dias,380.924.671-96,04/03/1959,+55 (047) 99253-2708,2712969592144977,81603
534,Elisa da Costa,941.382.756-73,26/01/2000,+55 98 9 8015-6245,2222568624040865,49071
535,Pietra da Rosa,284.790.615-02,13/06/1987,+55 03 99728 8025,2703732150817447,64671
536,Lara Ferreira,432.657.918-82,11/12/1993,+55 (073) 93643-4514,2482172737026922,64555
537,Isabelly Moraes,893.467.120-31,30/08/2002,+55 (09) 90016-5514,5229954216344707,80361
538,Isis Sales,235.071.689-95,17/04/1970,+55 51 9 5251 3078,5321312352583488,97738
539,Dra. Catarina Costela,031.645.287-44,23/10/1966,+55 66 9 6590 8925,2720584489438224,41742
540,Leandro Novaes,182.073.694-69,26/11/1971,+55 (61) 9 4039-7979,2241827383287704,17532
541,Ana Lívia Oliveira,098.752.316-30,23/04/1995,+55 (94) 96340-3224,2533921940127920,84659
542,Raul Nunes,031.428.765-53,26/10/1982,+55 40 99002 9409,2580480016238535,97043
543,Nicolas Freitas,318.492.576-55,13/03/1996,+55 14 9 6246-0487,2226522425071666,44915
544,Luigi Santos,820.473.169-87,15/10/1981,+55 71 93943 0722,2272532431830586,16710
545,Ryan Martins,894.706.321-50,23/11/1963,+55 (075) 95261-4927,5396500419117452,80328
546,Dra. Gabriela Duarte,541.029.367-34,10/07/1995,+55 24 9 6885-0596,2264035516730648,50001
547,Maria Luiza Santos,538.469.027-56,17/06/1963,+55 94 9 2680 3278,2299032820895505,9125
548,Bryan Lopes,291.048.356-89,18/05/1982,+55 (49) 9 8628-5568,2667971947606275,79824
549,Daniela Araújo,819.407.563-75,26/12/1968,+55 (087) 92301-2193,5466196148736749,40968
550,Caroline Barbosa,867.132.950-02,05/05/1991,+55 97 96071-9734,2714958495326755,48099
551,Sr. João Monteiro,742.931.058-32,12/12/1999,+55 (05) 9 7368 4613,2460394494882141,50456
552,Bryan Moraes,231.945.786-00,28/01/2004,+55 (57) 94843-7460,2278747141703121,23635
553,Carolina Barbosa,984.701.526-02,30/01/1969,+55 96 96279-3186,2563542636546869,85917
554,Dra. Maria Sophia Ramos,038.412.597-23,26/01/1987,+55 (08) 9 9037 2036,2457012020246152,35027
555,Leandro Dias,250.781.934-05,09/05/1977,+55 44 9 0294 3018,2285228576425929,83648
556,Lívia da Rosa,893.241.075-50,08/09/1971,+55 (96) 91090-7694,5545573044289277,27188
557,Isabelly da Rosa,659.182.740-49,28/01/2000,+55 (66) 9 2166 5519,2259420285521997,1199
558,Brenda Rezende,469.312.087-13,05/09/1970,+55 (096) 96820 7331,2299374493882596,53710
559,Lorena Azevedo,384.965.217-37,31/03/1982,+55 (097) 96756-6731,2269533718993159,81508
560,Leandro das Neves,924.780.536-83,26/06/1982,+55 (09) 96735-9002,2292721990525531,26249
561,Arthur Lopes,985.721.403-79,18/12/1974,+55 (044) 93586-8858,2272402267654882,70245
562,Catarina Pereira,329.705.816-12,05/10/1966,+55 95 90303-1965,2532709119990017,97796
563,João Fogaça,861.927.450-30,08/10/1989,+55 (28) 9 9486-3245,2634415958034662,71285
564,Sra. Maria Cecília Azevedo,701.936.452-70,05/10/1969,+55 (055) 94449-2634,2232650571229234,50313
565,Sr. Alexandre da Mata,091.342.586-98,02/08/1976,+55 (83) 94351 4380,2241392253183657,41826
566,Raul Lopes,395.768.140-57,25/12/1968,+55 (85) 95602 9651,5200746829982987,3520
567,Luiza da Rosa,286.957.341-37,11/04/1984,+55 (041) 90095-0551,2267435530428780,53811
568,Bernardo Porto,456.287.931-91,15/12/1996,+55 11 93362-0909,2256736046936817,50888
569,Lucas Gabriel da Rosa,931.672.048-69,28/03/1999,+55 69 9 2650 1028,2713267814446414,96135
570,Yasmin da Conceição,081.697.435-75,17/06/1978,+55 (29) 97078-3847,5491736719947693,55624
571,Dra. Eloah Freitas,457.160.983-39,04/02/1967,+55 (12) 9 9035 6040,5214970312647535,78075
572,Fernanda Nunes,137.905.426-52,06/01/1975,+55 37 91321-3247,2545846413873476,8061
573,Mariana Azevedo,796.812.354-28,25/07/1986,+55 20 9 6493 6333,2569940033149242,83724
574,Emanuella Cunha,925.781.643-55,15/11/1985,+55 44 98815-9092,2258809460920134,30711
575,Renan Costa,392.784.651-19,13/01/1999,+55 (052) 95924 7719,5436221837993380,39460
576,Marcelo Costela,584.023.671-35,30/05/2003,+55 (056) 99095-2467,2225845782541364,50048
577,Juan Souza,538.742.190-97,01/12/1996,+55 (45) 9 2993-4313,2271942762117316,71846
578,Luiz Henrique Aragão,941.805.326-89,29/03/1975,+55 (22) 94331 2204,2704202133854585,78045
579,Maria Sophia Jesus,891.073.265-21,04/12/2004,+55 42 9 2082-1803,2274932373461952,59443
580,Julia Moura,209.561.478-01,07/02/1964,+55 23 94025-5704,2296786646903966,71463
581,Bernardo Silva,910.753.864-20,23/08/1971,+55 (06) 9 6649 6676,5388729374160187,32225
582,Sra. Laís Porto,524.783.601-44,10/03/1979,+55 (30) 96077-5907,2248195883165157,12556
583,Heloísa Pinto,674.098.325-92,29/12/1957,+55 (54) 9 2995-1274,2275392410739473,72612
584,Sr. Lucas da Luz,069.342.781-78,22/10/1964,+55 (006) 93450 8328,2221315629740458,72906
585,Ana Moura,361.908.524-24,02/06/1991,+55 (086) 92566 5372,2240248235589448,65465
586,Davi Lucas Souza,813.569.072-02,27/01/1990,+55 (40) 9 7487 6369,2720112940535253,99459
587,Yasmin Campos,482.639.501-98,03/02/1985,+55 33 9 9846-2208,5521103337515325,70393
588,Dra. Laura Oliveira,307.259.816-95,04/02/1988,+55 (020) 92727 6817,2474941788268116,59223
589,Vicente Moraes,859.071.643-01,17/01/1983,+55 (067) 94343 7421,5197311248024203,63113
590,Alana Araújo,067.482.513-62,12/01/1983,+55 (019) 92751 4678,2705856729196252,47676
591,Guilherme Moreira,328.490.617-78,24/12/1988,+55 (91) 9 3142-7277,5455068298292364,60600
592,Theo Fernandes,238.047.915-14,07/05/1967,+55 89 9 1643-0666,5483707090192142,57356
593,Luiz Otávio Jesus,186.049.235-51,12/08/2001,+55 (043) 96426 3094,2233772993874998,99024
594,Enzo Dias,796.125.304-16,03/01/1965,+55 14 9 7984-5151,2718525566701384,89152
595,Ana Lívia Silva,827.063.514-62,18/01/2003,+55 (051) 98318-0475,5144543688770499,24625
596,Emilly Sales,582.439.706-65,25/07/1978,+55 (056) 94448 0004,5322255588659391,85921
597,Yasmin Lima,193.028.746-13,30/05/1993,+55 24 9 0296-4351,2703000167877709,34114
598,Sabrina Porto,763.459.821-64,20/04/1971,+55 (91) 9 5804 6239,2257696488758997,95016
599,Vitor Mendes,107.896.352-59,16/08/1965,+55 (09) 9 9564 8281,2222886579273046,31360
600,Antônio Santos,513.049.782-14,13/06/1974,+55 65 92375 7639,2243791318351704,73116
601,Sr. Theo Costela,361.792.854-46,09/08/1994,+55 (83) 9 3357 6121,5408051863961298,9635
602,Lorena da Luz,418.750.932-14,04/04/1980,+55 48 9 6740-1760,2274275941445705,68111
603,Natália da Rocha,260.391.784-69,10/08/1979,+55 (095) 94765 4791,2720006916852322,21180
604,Bernardo Moreira,923.875.160-95,06/11/1977,+55 (31) 9 4752-1472,2713878617270718,24269
605,Sarah Cunha,219.036.754-99,29/10/1975,+55 62 9 3572-3978,5368035663647528,77684
606,Matheus Melo,548.260.173-08,29/01/1969,+55 01 96145 5585,2710543220868687,81150
607,Maitê Costela,271.805.649-58,04/02/1983,+55 (86) 9 7880-9213,2236483266962539,25479
608,Dr. Levi Pires,453.782.106-07,03/01/1998,+55 07 91736 1567,5368061572831987,97541
609,João Felipe da Mota,027.931.564-34,03/09/1963,+55 (029) 95789 9796,2578232509265259,31594
610,Danilo Campos,895.376.201-40,21/11/1974,+55 (88) 99964-0869,2397395102137628,14958
611,Maria Clara Alves,037.194.582-88,01/08/2004,+55 35 92570 4942,2233298307564513,4493
612,Natália Viana,327.540.618-35,16/05/1970,+55 87 9 2672-6734,5458286534820080,61463
613,Sr. Yuri Costela,150.827.369-30,31/07/1984,+55 08 95004 0182,2237366087891368,20496
614,Emanuelly Mendes,389.264.571-09,16/04/1983,+55 42 98198-9165,2256976505745966,3086
615,Dr. Luiz Miguel da Cunha,519.678.230-30,09/09/1979,+55 (34) 9 1814 6069,2520463796034038,70402
616,Alícia Barbosa,873.264.509-00,13/05/2005,+55 98 99518 6879,5148320713695769,8786
617,Ana Lívia Moura,153.460.792-70,25/06/1985,+55 (059) 93867 6732,2306598235146149,7516
618,Vinicius da Paz,607.932.845-38,31/05/1984,+55 (27) 9 7434 9033,2548370720361577,70607
619,Manuela Melo,948.312.065-98,09/07/1997,+55 (57) 9 9992-5684,2668644429105558,82522
620,Luiz Gustavo Sales,327.801.546-08,24/11/1960,+55 (041) 96294-8159,2511865287085595,48657
621,Diego Almeida,095.241.736-70,12/04/1992,+55 90 98749-6707,5188782164612299,73688
622,Fernando Souza,241.986.537-55,06/03/1991,+55 98 9 4110-8842,2258255927128392,38358
623,Calebe Souza,695.831.724-64,09/10/2005,+55 93 99054 5790,2701268356495607,78711
624,Maria Eduarda Gomes,739.102.548-88,08/04/2002,+55 (52) 9 1006-5856,2225995564199426,55572
625,Dra. Cecília da Rocha,584.369.102-06,14/07/1982,+55 (56) 97696-5098,2230422069793309,80721
626,Dr. Matheus Gonçalves,105.849.723-50,26/05/2001,+55 (81) 90618 5324,5150110833499274,63587
627,Renan Peixoto,936.742.150-80,11/07/1993,+55 (37) 9 9748 1428,2720429074901782,25846
628,Natália Alves,265.073.849-92,09/10/1986,+55 22 99601-8002,5307640992028185,89678
629,Emilly Nogueira,401.879.326-03,07/10/1969,+55 (43) 9 5985-9067,5232785399448963,75552
630,Dr. Matheus Silva,518.479.263-55,23/01/1998,+55 (74) 9 0771-2972,2299471326710059,79639
631,Dr. Benício da Rosa,973.462.518-73,31/07/2005,+55 75 99104 7067,2240936043467431,87831
632,Lucas Souza,381.520.746-08,03/12/1980,+55 (020) 97453 6933,5415590730838263,28336
633,Bruna Caldeira,834.570.296-10,23/05/1994,+55 59 9 3988-4347,2254902079168627,97251
634,Nathan Araújo,617.824.053-80,26/05/1997,+55 (046) 98829-9599,2708834151572370,22460
635,Juliana Nogueira,931.528.064-42,26/10/1968,+55 34 98851-7415,5119606476279907,72598
636,Brenda Cunha,621.357.048-90,15/12/1971,+55 (87) 9 0058 1910,5524341453711313,65819
637,Sr. Guilherme Nogueira,018.729.345-79,22/05/1989,+55 54 9 0531 6652,5469309140155241,23885
638,Nicolas Nunes,578.932.014-79,05/08/1960,+55 (061) 98017-5854,2706864693771398,37717
639,Alexia Pereira,549.671.832-55,24/11/1993,+55 (004) 99068 6504,2287481270317805,70974
640,Mariane das Neves,958.431.276-64,07/05/1985,+55 55 94822 3320,2720343471158690,95504
641,Rodrigo Fogaça,084.791.352-04,06/11/1986,+55 (97) 91840-7443,2696976928311840,50277
642,Dr. Thales Jesus,867.150.923-03,28/01/2003,+55 (07) 90558 9207,5463876287410775,32810
643,Rafaela Peixoto,492.130.678-87,13/09/2001,+55 82 97540 8722,2511849664319934,77806
644,Luiz Felipe Aragão,291.438.506-42,24/11/1991,+55 (06) 9 3221 8205,2234160651576916,32219
645,Giovanna Carvalho,594.236.018-98,12/04/1989,+55 (96) 9 8579-4293,2706327634522205,65361
646,Luiz Fernando Campos,853.471.962-46,06/08/1959,+55 34 99381-8684,5438512261986728,89167
647,Davi Caldeira,637.025.948-92,27/08/1994,+55 35 9 4279 0122,2290992772743798,40269
648,Pedro Miguel da Luz,360.421.857-80,05/04/1970,+55 12 9 2429-5834,2707494586159631,33657
649,Sophia da Costa,187.462.035-08,10/04/2003,+55 (91) 93528 1954,2275021700495120,89543
650,Juan Rocha,230.819.546-06,30/05/1970,+55 (28) 92109 4394,2255565944896562,4497
651,Davi Lucca Cardoso,014.862.935-06,20/12/2002,+55 93 9 2949 5454,2240480149138497,81804
652,Diego Melo,754.283.901-23,22/03/1982,+55 (019) 95041 2734,2240743168587260,58476
653,Stella Costa,462.389.510-60,25/02/1964,+55 (71) 9 7297 9095,2605229201854247,88340
654,Pietro Barbosa,257.890.431-60,30/12/1987,+55 (06) 9 3540 7223,2425175265373186,45758
655,Vitor das Neves,178.695.230-03,01/06/1987,+55 (093) 94405 8320,5529048568565378,26317
656,Dr. Danilo Barros,572.091.368-86,10/01/1976,+55 (051) 91198-4721,2269089291041510,40454
657,Brenda Moraes,936.840.527-10,01/10/1960,+55 (064) 97262 4362,5265260711359660,85238
658,Otávio da Cunha,276.805.913-77,01/09/1974,+55 49 9 0455-3915,2385321317727353,63931
659,Bianca Teixeira,874.039.512-04,15/08/1961,+55 (086) 97228 9902,2710715135217966,57599
660,Thales Teixeira,528.340.619-98,10/10/1974,+55 (067) 94241 6076,2246482064245962,27704
661,Laís Monteiro,875.126.309-21,10/02/1971,+55 (24) 9 2638-2965,5434194833003649,34979
662,Carolina Ferreira,926.578.143-28,06/06/1996,+55 (85) 9 6363 9274,2683534357959962,85914
663,Francisco Melo,781.324.659-46,28/10/1974,+55 (099) 99749 1054,2298373368476386,27345
664,Srta. Lara Duarte,409.362.871-87,09/02/1984,+55 (59) 97573-2908,2564411394458049,97539
665,Yuri Barros,856.137.490-00,16/07/2003,+55 27 9 0676 5051,2293944770704923,22563
666,Sra. Gabriela das Neves,420.735.189-23,24/11/1993,+55 (20) 99790-5158,2230995418339056,24539
667,Gustavo Henrique Cardoso,451.906.872-01,14/11/1982,+55 (073) 94836 7892,2519668986134140,3468
668,Theo Duarte,348.761.925-37,15/10/1986,+55 93 97323 4674,2424960592216013,90496
669,Dr. Leonardo da Luz,932.850.614-05,10/07/1974,+55 03 93109 0340,2261628729345205,37722
670,Igor Nunes,853.614.907-84,10/02/1978,+55 (23) 96387 9560,2714481179720334,50239
671,Pedro Miguel Freitas,543.097.862-00,27/05/1958,+55 (31) 9 5167-9435,2271877512837559,82703
672,Srta. Gabrielly Nascimento,213.478.960-31,27/11/1980,+55 (29) 9 5981-0278,2287289393935449,66556
673,Sr. Alexandre Pires,308.615.749-66,12/10/1969,+55 (000) 96219-8712,5559739792124494,21853
674,Isabel Vieira,123.694.570-07,10/02/1977,+55 63 91751 8976,2440533754044729,53305
675,Thiago Azevedo,137.904.852-41,19/03/1977,+55 (83) 9 9394-8044,2283116571087855,10673
676,Brenda da Mata,367.401.852-71,23/08/1959,+55 (058) 98343 6282,5507475127781277,57708
677,Kevin Vieira,921.570.863-40,23/10/1959,+55 64 9 7602-5815,2265792355847409,21359
678,Vicente Silva,751.839.240-23,19/09/1984,+55 (051) 97514 9327,5256639157384947,26283
679,Alícia da Cruz,549.327.160-52,08/03/1991,+55 (00) 9 9006-9302,2255677389199533,69050
680,Murilo Viana,132.896.047-13,08/11/1978,+55 03 95802-4920,5465804205843982,12471
681,Gabrielly Cavalcanti,541.730.692-43,17/12/1985,+55 11 96807 9230,5429699232506411,44567
682,Gabrielly Novaes,568.921.403-51,23/03/1999,+55 46 9 1905 6950,5479324816573344,72311
683,Ana Clara Costela,180.695.274-20,19/02/1982,+55 86 98697-2931,2289006717468461,56358
684,Lorena Lima,092.637.154-16,06/07/1993,+55 (76) 9 3622 2187,2279260645874090,21250
685,Eloah Pires,701.493.286-13,11/04/1985,+55 82 9 9619 9267,5492901328526846,79719
686,Guilherme Correia,481.065.732-90,30/04/1984,+55 92 9 6438-0937,2701389791830446,65836
687,Alice da Costa,064.729.835-00,30/11/1991,+55 (087) 95463 8237,2293891083998611,43620
688,Srta. Bianca Barros,391.208.547-14,23/08/1971,+55 (82) 9 0050-6278,2284355257652645,81122
689,Nina Farias,786.092.534-65,21/11/2000,+55 (58) 96976 9959,2594610472943293,80465
690,Isis da Luz,217.589.630-77,06/02/1987,+55 91 96140 8012,2232203099163277,7684
691,Davi Lucca Alves,468.310.975-10,11/06/1970,+55 81 9 7226 9178,2720925702319941,88289
692,Vitor Gabriel da Mota,402.791.658-11,11/08/2003,+55 (012) 99758 1399,2256080948529390,43800
693,Guilherme da Costa,301.489.765-57,09/10/1962,+55 80 94550-8218,2521545387071475,2355
694,Calebe Silva,684.102.573-35,28/11/1966,+55 77 92643-0642,2231850128023368,29058
695,Dr. Benjamin Oliveira,593.274.180-50,15/11/1977,+55 (058) 97032 1854,2224170814929789,19632
696,Laura Oliveira,098.451.637-93,06/11/1977,+55 (69) 95021 3995,5170318757221485,60910
697,Enzo Novaes,824.035.976-00,08/08/1964,+55 (42) 98391 1003,5433290994184359,68486
698,Bárbara Gomes,216.809.354-70,01/07/1982,+55 81 9 0985 5941,5508567273623938,98208
699,Miguel Moraes,380.579.214-04,22/10/1990,+55 (093) 97391 4062,2416625545687491,8795
700,Bryan Viana,284.510.376-07,03/01/1985,+55 (046) 96155-6458,5304278603726575,84127
701,Benício Melo,241.076.358-80,30/05/1968,+55 (33) 96048 7443,2221246874554304,33040
702,Igor Castro,625.903.187-40,25/06/2003,+55 91 9 5259-9819,2265189168817226,72668
703,Isabelly Carvalho,253.804.179-14,07/08/1972,+55 (051) 94532-4140,2266938385519851,29456
704,Miguel Souza,934.182.605-51,20/03/1959,+55 92 91240-4835,2282851950538695,13284
705,Alícia Castro,378.529.064-00,13/03/1992,+55 (10) 97665 8252,5207293094772341,24706
706,Ana Sophia Silveira,753.012.964-34,23/02/1963,+55 (43) 9 6486 3947,2247158193223059,30289
707,Fernanda da Luz,718.953.240-41,02/02/1999,+55 (043) 93696 4637,5495739507198947,44905
708,Emanuelly Castro,086.725.493-92,04/01/1990,+55 03 94490-4001,5421608470546573,56343
709,Cauê Araújo,259.387.041-97,05/11/1990,+55 15 9 7130-0207,2692128044152096,89215
710,Leandro Barbosa,947.306.851-48,16/04/1992,+55 07 96874 9594,2678263126066217,96169
711,Ana Laura Correia,319.527.068-40,28/05/1973,+55 (15) 96532-2899,2365227585480399,28638
712,Agatha da Mata,691.380.425-33,09/05/1986,+55 25 97299-4718,2281529326041534,83207
713,Marcelo Ramos,820.475.136-26,30/03/1968,+55 (001) 90350 3772,2295449502391567,91008
714,Srta. Esther Cunha,293.460.857-38,21/11/1987,+55 (044) 96512-3023,5503995985311028,57203
715,Luiz Otávio Castro,167.945.038-75,05/07/1973,+55 (93) 9 2607-3174,2645652996208182,88960
716,Isabella Rezende,408.167.359-48,01/01/1962,+55 (01) 9 8225-8446,2268955255154070,50407
717,Manuela Lopes,472.561.083-62,11/09/1960,+55 85 90351-5798,2288977543197410,62498
718,Luiz Fernando Cardoso,067.123.845-08,30/12/1960,+55 80 9 9299 4275,5136977198312550,49836
719,Sophie Sales,651.934.078-20,12/05/1965,+55 95 9 1493 3561,5384828893838903,8629
720,Alexandre Cavalcanti,482.506.937-10,07/05/1999,+55 (064) 92054-5664,2256168834123095,36877
721,Emanuella Fernandes,684.507.213-26,12/06/1970,+55 (14) 9 1396-1750,5500466680378111,76263
722,Stephany Nogueira,481.967.025-58,16/12/1971,+55 (79) 9 9295-6326,2711945353833678,17239
723,Lorena Fernandes,385.901.726-86,18/07/1976,+55 (74) 91248-8189,2583536825870276,65166
724,Lavínia da Paz,083.972.154-41,17/10/1966,+55 (73) 93677-3073,2293210765817512,1109
725,Ana Clara da Luz,681.503.729-03,18/11/2001,+55 73 9 2750 6797,2231399552859947,38573
726,Yago Cunha,970.854.261-01,01/04/2002,+55 (95) 9 5066 4110,5180262077635693,96178
727,Isabella Caldeira,206.791.834-69,29/10/1958,+55 (34) 9 0976-1087,2259073535366299,69757
728,Ana Lívia Oliveira,918.750.632-77,19/11/1974,+55 (56) 9 0504 5052,2466183487207521,31215
729,Dra. Bárbara Novaes,157.962.083-30,17/08/1968,+55 (031) 99939 3048,2720266589775008,12766
730,Maria Vitória Rezende,076.913.854-39,27/05/1992,+55 (055) 95858 1978,2720587085773803,84676
731,Enzo Ribeiro,853.914.726-28,11/01/1974,+55 (016) 93627 2152,5119957227505631,38758
732,Maria da Cunha,249.657.013-99,24/12/1971,+55 87 9 8448-8609,5285697099140533,79001
733,Diogo Rodrigues,974.612.850-76,20/03/1981,+55 71 9 7055 5737,2221709512814661,13581
734,Eloah Barros,685.723.401-90,22/09/1990,+55 90 93185-3565,5198704549713855,89042
735,Lívia Silva,217.506.839-03,25/06/1998,+55 (90) 9 7198-5364,5102557259035272,93146
736,Ana Clara da Rosa,071.623.954-06,24/07/1979,+55 (55) 9 7378-8350,2714602013686312,86358
737,Enrico Araújo,280.195.364-42,26/04/1961,+55 31 9 8754-7446,2253711776068357,10568
738,Gustavo Santos,628.049.713-50,05/08/1987,+55 73 98271 7052,5339605768654680,60336
739,Ana Sophia Moraes,091.572.834-60,21/11/1959,+55 (008) 97888 0381,5283393053365959,11738
740,Sr. Pedro Martins,250.368.719-95,25/09/1989,+55 (23) 93139 4081,5481572945484421,67975
741,Samuel da Mota,924.186.705-11,27/12/1969,+55 22 94428-4062,2248827498287402,54883
742,Dr. Benício Pereira,956.207.831-03,25/03/2003,+55 (21) 9 9269 1522,2244880117762432,10677
743,Rodrigo Oliveira,972.860.413-04,14/12/1960,+55 67 99008 3257,2272627107392828,56166
744,Clarice das Neves,572.390.618-68,11/01/1999,+55 (02) 9 0656-4662,2296926667388271,37604
745,Alice da Costa,492.165.830-70,22/07/1960,+55 (59) 9 1422 1967,2720012777652306,10407
746,Beatriz Correia,582.409.137-41,30/10/1988,+55 05 9 3175 8890,5527240221468940,24043
747,Esther Silva,673.215.098-77,27/08/1958,+55 (73) 9 2601 3931,2675978541374895,14085
748,Isabelly Mendes,631.240.598-24,25/04/2004,+55 (73) 9 5625-2284,2291445100648154,11011
749,João Guilherme Aragão,053.921.867-77,07/07/1982,+55 35 9 1968 2045,5309129576029379,95841
750,Sr. Lorenzo Novaes,673.415.890-00,28/12/1972,+55 45 91848 2900,5304372260874180,69126
751,Sr. Carlos Eduardo Alves,463.120.597-07,04/03/1971,+55 (75) 96877 6548,2239768544538524,94622
752,Vitor Hugo Novaes,564.102.378-71,25/10/1983,+55 (96) 96003 6454,2263654664586742,22623
753,Noah da Paz,471.385.926-55,06/11/1978,+55 66 95952-0899,5244444703090493,32264
754,Miguel Ramos,361.294.807-50,10/05/1974,+55 (78) 91556-9333,2274853167398665,58237
755,Cecília Monteiro,016.397.245-16,21/06/1976,+55 28 9 7773 6018,2223804299837155,64098
756,Guilherme Pereira,579.123.486-46,08/05/1970,+55 21 92761-2026,2232806044938534,59824
757,Maitê Nogueira,176.084.329-69,06/04/1989,+55 (021) 96364 8472,2325217061447433,9968
758,Vitória da Luz,752.104.983-79,18/11/2003,+55 49 90052 5000,5477762289773440,93835
759,Nina Teixeira,380.476.192-50,21/08/1981,+55 (15) 95596-2511,2270477938145280,85378
760,Thiago Aragão,463.580.197-75,29/07/1968,+55 (056) 98273-2109,2714677802966844,62597
761,Dra. Maria Vitória Cardoso,571.308.924-04,07/09/1965,+55 (82) 9 0081-3363,2460131019066804,24073
762,Yago Jesus,871.329.654-09,27/05/1968,+55 (89) 90214 5426,2292440850815300,23929
763,Ana Sophia Costa,234.765.918-91,25/03/1974,+55 (14) 95450 0895,2247744157053002,97531
764,Dr. João Gabriel Martins,452.679.108-30,08/02/1992,+55 51 96827-4125,2276470165727304,37984
765,Emilly Moreira,054.683.719-01,28/01/1990,+55 88 9 7902-6078,2397337673553163,41338
766,Rafael Farias,263.419.087-50,09/07/1978,+55 (76) 98043 1526,5242623948398868,48979
767,Kevin Gonçalves,812.340.597-97,28/12/2004,+55 09 94040 6612,2234719227179917,64828
768,Isabel Duarte,982.743.651-19,16/11/1999,+55 36 9 5525-7152,2704062263173689,51129
769,Nina Rezende,507.941.328-04,19/06/1970,+55 48 90729-3941,2713584196062159,33439
770,Ana Carolina Teixeira,467.203.589-10,09/09/1971,+55 (94) 96424 7776,2702055670889550,33030
771,Agatha Castro,421.387.695-00,07/07/1994,+55 (033) 92010-9709,2514137096473629,38534
772,Maria Alice da Mota,721.085.936-59,10/12/2005,+55 (44) 96566-2736,2276217657170679,92704
773,Sr. Theo Carvalho,107.295.463-06,08/05/1989,+55 (40) 9 1762 7011,5308651031164948,34301
774,Lucas da Cunha,685.179.302-40,16/09/1996,+55 (094) 91642 3728,5406005953357926,16805
775,Yuri Freitas,498.136.725-28,20/03/2003,+55 14 95837 8841,2292569385619017,46706
776,Maria Sophia Pereira,827.935.104-32,09/07/1991,+55 25 91707-8892,2720422726436158,71384
777,Lucas Gomes,718.349.256-73,09/02/1986,+55 (61) 9 3460 6231,2294010498467554,81332
778,Leonardo da Mota,312.068.475-90,20/04/1985,+55 94 9 3778 9954,2255590655080925,93413
779,Heitor Fogaça,349.810.526-42,16/11/1977,+55 (075) 94654 9835,2706337189219735,7185
780,Agatha Cunha,405.869.732-65,04/12/1981,+55 (63) 9 9564-0755,2475046754548126,38187
781,Mariane Oliveira,683.941.270-96,11/07/1967,+55 34 97388 3556,5107591665970223,63389
782,João Miguel Vieira,905.268.473-10,26/08/2005,+55 89 96619 1451,2287638626264441,63644
783,Thiago Nunes,306.159.482-51,15/03/1968,+55 47 93192 8509,2250140235335137,3194
784,Dra. Maria Sophia Almeida,428.530.619-06,11/05/1969,+55 (085) 96614 1086,2284061740481861,15326
785,Leonardo Moreira,129.806.473-22,19/01/1959,+55 74 91198 9938,2296680027272515,56796
786,Caroline Jesus,235.978.460-92,03/07/1965,+55 (82) 9 4276-2430,5164357627839710,22918
787,Paulo Nascimento,209.451.873-60,27/11/1960,+55 (060) 97608-3235,5374508205888018,26677
788,Ana Clara Martins,096.521.748-58,01/04/1989,+55 (052) 95775-7259,2720587277830064,81505
789,Yago Costela,735.801.264-07,05/10/1974,+55 77 98300-8987,2291134341555622,21944
790,Heloísa Cunha,143.295.670-16,08/04/1960,+55 36 9 0979 9139,5380838683626370,62760
791,Lavínia Azevedo,126.758.943-46,28/03/1981,+55 (65) 9 4068 3318,2716220620491550,5292
792,Bruno Almeida,325.698.407-00,16/10/1965,+55 (86) 9 2316-9951,5525384998520574,40774
793,Vitor Hugo Costela,186.974.250-85,03/02/1980,+55 (25) 95146 7373,5252119032851232,26024
794,Gabriel Gomes,976.041.852-58,30/09/1984,+55 (34) 96204 7062,2460080931544648,83989
795,Dr. Isaac Sales,758.349.012-04,16/06/2000,+55 (09) 91576 5651,5250423455218040,80685
796,Olivia da Rocha,580.394.716-48,30/08/1979,+55 (22) 93213-3480,2711074192075019,58022
797,Maysa da Mata,387.549.210-23,01/10/1977,+55 (05) 9 5586-2944,5197452502000628,77034
798,Levi Aragão,702.351.496-16,15/12/1978,+55 (072) 94088-1362,2243255666260222,27473
799,Dra. Brenda Costa,381.542.706-17,27/02/2003,+55 68 9 1565 4189,2289484820977795,61240
800,João Gabriel Pereira,653.809.174-10,20/03/1993,+55 (93) 9 0828 6318,2276657459117818,17057
801,Sr. Luiz Henrique Fogaça,937.841.056-10,11/07/1984,+55 89 91504 2071,5403060295017020,5657
802,Alexia Ribeiro,598.402.361-05,04/05/1973,+55 (080) 93114 1365,2234973268312024,52617
803,Thales Duarte,124.736.859-91,19/12/1975,+55 (55) 9 6181-5441,2300651920415125,20917
804,Theo Barros,148.306.957-57,01/01/1962,+55 (93) 9 3536-1724,2351064127128129,49177
805,Cauê Silveira,493.825.617-73,03/07/1961,+55 (021) 97465 7161,5116333771746869,39522
806,Clarice da Conceição,943.125.780-79,26/06/1989,+55 (31) 90430 8494,2327110134149037,46454
807,Diogo Viana,801.243.795-32,17/12/1996,+55 (69) 9 2775-9677,2534379846433729,34801
808,Thales Almeida,905.428.736-56,01/01/1963,+55 55 9 5328 7383,5514360040687408,14992
809,Sra. Ana Beatriz Ferreira,087.163.549-66,20/12/1970,+55 30 90875-5592,2714671357928622,52124
810,Enzo Fernandes,498.235.671-82,21/04/1973,+55 98 9 0862 3568,2251709976417293,91294
811,Ana Luiza Aragão,032.174.569-80,03/03/1998,+55 (078) 98658 9069,2520968118905996,35652
812,Maria Rodrigues,267.305.419-70,19/09/1969,+55 (056) 91993 3020,2264443002620598,34597
813,Srta. Stephany Costela,405.391.276-80,30/10/1972,+55 (88) 9 4681 8223,5368247349663148,12567
814,Ana Laura Cardoso,938.276.450-00,04/10/1968,+55 70 98043 7566,5145437183556751,2856
815,Sra. Mirella Monteiro,026.834.795-65,18/04/1999,+55 (31) 90896 5505,5103940949181442,57781
816,Raquel Nascimento,571.426.089-94,24/02/1984,+55 (043) 96973 8718,2720087492750999,81546
817,Srta. Melissa Lopes,356.014.892-89,19/06/2000,+55 (81) 98282-7935,2620368205206557,81062
818,Mariana Castro,240.795.316-99,30/10/1974,+55 21 90707 6987,2665195457562775,70245
819,João Vitor Sales,239.570.846-10,25/05/1968,+55 (74) 98186-9563,5443287847898779,94721
820,Alícia Ramos,864.952.713-28,07/09/1979,+55 64 91080-0327,2711782138332803,10649
821,Yasmin Barbosa,530.847.129-05,25/07/1970,+55 (053) 94421-6477,5253275414261660,16840
822,Emanuel Carvalho,601.934.752-43,06/07/1997,+55 (093) 96654 9199,2283311292499097,7405
823,Stephany Correia,167.425.389-37,16/05/1965,+55 (11) 95710 5910,5356120020133406,2211
824,Breno Teixeira,548.673.019-57,30/04/1970,+55 (63) 92043 7973,5203544044204049,2500
825,Lívia Viana,761.839.204-87,27/11/1985,+55 (25) 92618-4738,5130697086359234,51151
826,Cauã Ferreira,758.921.406-01,26/02/1965,+55 71 99356-3095,2237609470427468,49776
827,Lavínia Silva,164.328.597-19,14/08/1996,+55 (29) 95551-9422,5527439975333256,43684
828,João Lucas Azevedo,934.201.675-80,09/03/1964,+55 78 9 3986-8840,2254937512539778,2720
829,Francisco Gonçalves,480.197.625-58,16/12/1974,+55 39 9 5128-2026,5389090760281536,27588
830,Dr. Luiz Felipe Costela,804.921.765-58,29/06/1986,+55 38 9 5938 8588,2238344835806391,20891
831,Eduarda Farias,329.041.586-42,13/11/1978,+55 76 92118-7024,2232826118721921,3551
832,Enzo Fernandes,814.056.723-07,18/06/1993,+55 (15) 94210-7936,2712785922947909,95647
833,Dra. Clarice Ribeiro,790.513.824-05,21/01/1995,+55 (60) 9 8302-4340,2262693215257750,39526
834,Pedro Miguel Pinto,520.978.463-00,12/08/1967,+55 24 9 5587 8676,2709376886887839,74243
835,Gabrielly Rocha,789.105.246-85,20/09/1958,+55 (031) 98461 3980,5168447727688202,91622
836,Sra. Carolina das Neves,978.450.362-00,14/08/1990,+55 (73) 9 1208 5769,2712179312948117,22213
837,Carolina Correia,832.954.167-37,20/11/1975,+55 (01) 9 7707-8667,5481305300179975,66946
838,Lorenzo Porto,241.079.586-20,18/04/1990,+55 40 9 5398 5797,2720329165027093,90231
839,Emanuel da Rosa,937.824.561-73,07/07/1981,+55 87 96859 1717,2291004560188803,26387
840,João Felipe Nunes,936.241.875-46,08/03/1995,+55 (86) 9 9262 6478,2278180041538423,96599
841,Sra. Emilly Barbosa,781.936.402-50,22/09/2000,+55 (096) 91024 0928,2261884090586600,60990
842,Catarina Araújo,281.397.045-04,10/01/1986,+55 (42) 97561-4912,2257855330069769,28587
843,Ana Laura Silveira,257.431.806-44,28/02/1959,+55 (082) 91111-2151,2366725264251279,22350
844,Julia Cardoso,650.891.732-30,19/12/1960,+55 (87) 97871 2017,5588299418318736,54766
845,João Gabriel Freitas,813.946.250-06,18/09/1963,+55 85 93128 6087,5110395454320292,92777
846,Heloísa Ferreira,436.052.819-15,02/08/2000,+55 76 9 5741-0556,5559425065849724,18788
847,Davi Lucas Cavalcanti,612.794.350-70,29/10/1997,+55 (046) 92961 6807,5419173218229010,26902
848,Marina Dias,372.608.194-13,15/04/1973,+55 48 97733 8700,5516748425795176,2202
849,Sr. Luiz Fernando Costela,573.824.106-17,18/10/1986,+55 76 9 2053-7983,5536790090460153,73550
850,Maria Cecília Fernandes,095.812.374-88,22/11/2003,+55 (25) 96691 5903,5163645453267910,34710
851,Sr. Felipe Gonçalves,610.243.859-06,04/08/1972,+55 (068) 91495 8217,5356368636646754,9262
852,Rodrigo Carvalho,463.890.251-06,19/03/1982,+55 (11) 97247-1293,2284552622848227,13835
853,Davi Lucca Lima,514.027.963-07,11/09/1970,+55 27 93703-0574,2271153318094344,89321
854,Pedro Miguel Castro,651.347.298-91,15/09/2000,+55 07 93437-7439,5444082929093038,8717
855,Henrique Cunha,460.782.915-30,30/03/1988,+55 (14) 97727-9057,2228958471123738,57717
856,Benício Alves,451.038.279-05,19/01/1979,+55 (18) 9 7454 2006,2400279726667928,19948
857,Henrique Cunha,450.982.136-06,01/03/1967,+55 44 9 6662-8671,5165069871813932,72906
858,Felipe Pereira,629.417.380-96,21/05/1985,+55 52 97114 4358,2289616496960007,24863
859,Joana da Conceição,384.071.296-31,14/07/1991,+55 (60) 9 5447-4894,2280481292647459,38178
860,Julia Santos,403.816.279-69,14/11/1972,+55 44 99938 1424,5565744042408939,45664
861,Henrique Rocha,538.617.942-09,23/04/1988,+55 (083) 93603-3172,5412076939688959,13752
862,Dra. Larissa da Paz,609.127.845-20,07/05/1959,+55 (26) 9 6977-5542,2258900798656175,21390
863,Maria Sophia Lima,603.175.928-40,10/09/2002,+55 42 9 9438-2258,5269427926612508,66818
864,Manuela Rezende,358.672.941-37,17/03/1959,+55 (085) 98620-9213,2225697612424448,61934
865,Dr. Nathan Lopes,028.457.163-62,26/11/1996,+55 (036) 93538-7692,2607589261215458,93284
866,Dra. Emanuella Aragão,874.351.602-53,07/08/1983,+55 58 9 1450 0785,2705279629105127,66646
867,Fernando Farias,386.702.915-68,27/12/1994,+55 (63) 97850 4594,2719769961611264,49631
868,Lucas Jesus,975.620.314-52,08/09/1981,+55 (87) 9 8393 8914,5515184741416142,52039
869,Laís Gonçalves,351.209.467-80,30/03/1964,+55 39 92632-1192,2280871010518299,81958
870,Rebeca das Neves,690.783.145-75,08/06/1963,+55 26 9 8120-2238,2252452191743479,28481
871,Rafael Rocha,701.658.392-95,05/05/1963,+55 (58) 97772 1221,5490584921354196,44364
872,Ana Vitória Mendes,684.301.725-80,23/10/1959,+55 (46) 93397-6896,2237250343850618,88645
873,Carolina da Rocha,037.415.869-00,04/10/1990,+55 (097) 96952 9749,2240529486223054,57996
874,Isadora Rocha,475.108.236-17,14/03/1974,+55 (15) 95194 2867,2227276659987001,6488
875,Caio Jesus,607.453.928-65,21/09/1963,+55 (86) 91642 6578,2291225605468914,2682
876,Pedro Lucas Jesus,125.064.837-80,22/04/1974,+55 (39) 97000 6636,2301165752589286,49021
877,Marcos Vinicius Oliveira,483.765.109-75,04/12/1976,+55 (56) 94229 9229,2284218973252852,17897
878,Dra. Pietra Silva,482.015.693-42,25/02/1964,+55 04 9 1438 9965,5492315382330286,3860
879,Cauê Moreira,610.725.493-52,17/06/1998,+55 88 95033-3642,2707630933642148,93734
880,Thales Fogaça,165.032.487-17,15/11/1983,+55 (00) 9 9413-3434,2232576383047854,62069
881,Catarina Pinto,539.781.062-21,20/12/1967,+55 (41) 9 9543-4729,5420114460102148,82657
882,Maria Julia da Mata,408.297.561-67,01/05/1966,+55 (25) 92300-4666,2272100377726018,92036
883,Maria Alice Vieira,571.236.049-70,28/10/1972,+55 (46) 9 0927 2462,2280115982015961,94188
884,Brenda Lima,864.920.175-01,19/04/1973,+55 (55) 91518 7584,2298223975547824,72228
885,Clarice Farias,356.420.179-34,24/03/1989,+55 (046) 99158 0802,5215075083228249,79333
886,Laura Barros,940.861.253-15,02/03/2004,+55 (77) 9 8261-5797,2514362661560192,22706
887,Mirella Nascimento,537.894.061-39,17/08/1991,+55 63 9 8692 0272,2644670545701011,80755
888,Sra. Giovanna Rodrigues,749.860.321-78,09/11/1997,+55 70 9 8686-3714,2525047078350777,53086
889,Sabrina Pinto,389.615.724-82,29/10/1999,+55 (16) 99003 4285,2267620472064442,42992
890,Joana Barros,975.213.086-03,28/05/1977,+55 (16) 96379 2516,2282740918705241,41882
891,Kamilly Ferreira,567.842.093-38,10/03/1998,+55 (066) 98688 4001,2299785958230783,10458
892,Marina Vieira,053.126.489-06,19/07/1993,+55 77 9 1294-4489,2426515984247121,33776
893,Luiz Fernando da Cruz,587.326.409-00,31/07/1965,+55 (54) 93076-3957,2298686329581097,31640
894,Catarina Santos,370.861.594-84,03/11/1980,+55 (16) 9 4937 3346,5215026427396754,41334
895,Maria Azevedo,127.698.045-02,08/12/1963,+55 (06) 9 4023 2912,2232598479579632,33840
896,Luiz Henrique Ferreira,421.798.605-01,23/03/1996,+55 98 9 4393 9355,2281230442144084,77733
897,Carlos Eduardo Oliveira,401.357.269-99,05/06/2004,+55 (19) 9 6935 4464,2367467482567611,77324
898,Srta. Rafaela Gonçalves,352.147.908-05,06/04/2001,+55 (32) 9 2149 9150,2241140663566940,10193
899,Marina Campos,170.928.543-50,03/07/1963,+55 15 92826-3356,2720145102299573,10205
900,Ana Julia da Luz,913.856.470-00,02/09/1978,+55 (22) 92458-3732,2269050842172824,13244
901,Diego da Paz,426.938.570-74,16/12/1973,+55 (65) 9 5407 5899,5582507780503636,97587
902,Theo das Neves,987.361.542-37,28/04/1978,+55 89 98561 3347,5139653551550626,31485
903,Yuri Farias,623.074.589-56,22/01/2000,+55 45 93723-9540,2305848004873246,69535
904,Larissa Costa,291.348.056-05,02/10/1985,+55 (49) 90844-1381,2232225981771693,79185
905,Lara Lima,723.948.156-55,03/07/1983,+55 (059) 99152-0718,2279855697819198,16553
906,Camila Nunes,201.734.856-26,31/07/1992,+55 63 9 1937 2079,2240177466899475,36269
907,Mariane Vieira,934.756.182-73,14/10/1959,+55 50 95491-7818,2285184009476445,73000
908,Alice Cunha,672.130.849-50,28/07/1961,+55 79 95267-3567,5580885383692036,62531
909,Ryan da Paz,897.653.012-86,23/02/1988,+55 39 9 3007-0099,2271469966124385,94499
910,Julia Alves,957.632.480-74,01/05/1973,+55 (068) 90309 8191,2442830286855665,88166
911,Elisa Caldeira,756.012.984-67,05/11/1978,+55 92 99994 8046,2715852485829853,98391
912,Ana Laura Araújo,057.289.641-76,29/08/2001,+55 (25) 9 3699 9888,2622841279437249,91521
913,Gabrielly Rodrigues,350.724.169-25,21/07/1988,+55 09 95943 0953,2714860177590072,24792
914,João Mendes,604.185.397-66,13/12/2002,+55 04 9 2723-1144,5118062395925694,32373
915,Ana Laura Martins,257.931.860-77,27/05/1998,+55 57 93400-8308,2227452114728492,41707
916,Luana Castro,936.051.427-61,14/07/1965,+55 27 9 1061-8256,5569498351858111,98162
917,Luana Barbosa,341.596.027-70,01/06/1958,+55 (025) 94958 8453,2232249040100033,33151
918,Pedro Alves,840.619.253-42,21/05/2000,+55 (02) 9 8803-8765,2714032748589856,48154
919,João Pedro Caldeira,950.137.624-99,04/04/1992,+55 (039) 96483 6974,2259955594791773,14686
920,Dra. Juliana da Rocha,516.872.403-53,08/05/1971,+55 (83) 9 9001-0378,2293268689964968,41665
921,Isaac Cardoso,731.204.986-96,05/02/1988,+55 (77) 9 5226 2633,2303683959172530,38032
922,Sr. João Lucas da Conceição,960.581.324-60,24/06/1980,+55 85 9 6422-3851,2245049063256943,87850
923,Ana Julia Pires,892.403.567-38,08/05/2002,+55 (050) 93942-3874,2264266785871736,18645
924,Nicole Costela,853.421.709-23,08/10/1984,+55 40 9 8565-1958,2720098135393980,67257
925,Dra. Sophie Cardoso,802.794.165-20,08/08/1971,+55 74 95478 7016,2283772775103227,11083
926,Yasmin Rocha,172.406.958-67,11/12/1992,+55 95 9 2210-2547,5254438835649777,37494
927,Gabriel Costela,982.645.370-65,10/04/1993,+55 45 9 2459 6971,2356713542737816,73729
928,Camila Cunha,076.418.329-03,17/08/1987,+55 (067) 95199 3754,2223643762992810,64531
929,Luiz Miguel Cardoso,237.604.598-38,16/07/1967,+55 (41) 95348-9043,2288885947487776,12249
930,Sophia da Rocha,240.573.198-32,22/11/1978,+55 (042) 92938 3853,2278753768741923,21752
931,Carolina da Mata,927.508.316-95,23/01/1977,+55 (76) 91833-5131,2278556754389338,79969
932,Ana Lívia Moreira,814.023.769-87,02/05/1995,+55 88 9 3421-9615,2492868525511326,4607
933,Isadora Carvalho,167.480.592-67,29/05/1965,+55 (99) 96979-1951,2398390866598676,71403
934,Vitor Hugo Porto,286.594.013-60,19/03/1959,+55 (46) 9 0546 3940,2297534655135289,59190
935,Vitor Monteiro,057.268.431-26,10/06/1965,+55 (83) 9 7670 3448,2274461437827453,34190
936,Sra. Raquel Sales,308.491.762-04,03/10/1982,+55 (60) 98695 5366,5183658857847266,35863
937,Raquel Costela,132.849.765-82,05/07/1989,+55 (064) 96526 5235,2720242868051627,39615
938,Marcos Vinicius Vieira,091.582.647-01,18/09/1992,+55 (031) 90867-8044,2438357811368549,20220
939,Joaquim Novaes,062.914.735-34,29/03/1984,+55 (36) 9 5004-6707,2287178384722165,50016
940,Pedro Lucas Rocha,978.024.615-02,31/12/1966,+55 (17) 9 6981 6398,2351380713492640,79625
941,Anthony da Cruz,816.573.904-20,18/06/1982,+55 99 9 2379-2937,2278623741818249,91987
942,Levi Ferreira,058.794.621-02,06/11/1962,+55 01 9 2107 9762,2286017226906050,53297
943,Marcelo Martins,075.362.184-35,07/11/1983,+55 62 92504-1097,2703122120336621,56587
944,Elisa da Luz,483.015.976-66,21/07/1962,+55 (087) 94383 9826,5378582065718769,65772
945,Sr. Davi Luiz Novaes,106.947.823-78,08/05/1992,+55 (45) 9 5328 7816,5471560052693068,91437
946,Bryan Moraes,054.218.396-05,24/10/1990,+55 (89) 98930 6389,2720728916687909,6381
947,Raul da Paz,251.798.063-21,10/03/1979,+55 (060) 96223 3558,2673398367681855,97749
948,Larissa Araújo,059.821.463-15,30/06/1987,+55 (057) 98180-1321,2269837529747716,32392
949,Clarice Nogueira,438.502.619-05,21/09/1992,+55 80 9 9736 6310,5257919985303528,36311
950,Sra. Maria Vitória Moraes,294.607.138-31,09/07/1980,+55 93 99606 8174,2263190125141322,36029
951,Srta. Larissa Cardoso,186.790.532-95,28/12/1987,+55 (08) 9 7180 1057,2347913920887355,36062
952,Dra. Luana Monteiro,463.870.259-74,04/01/1976,+55 (52) 9 4233-9343,2525633323921445,96350
953,Diego Duarte,685.317.290-68,17/03/1974,+55 (06) 95536 2254,2361431535641464,78601
954,Sra. Laís Gomes,893.651.427-09,17/12/1970,+55 (55) 9 2007 7176,2287621600011590,23794
955,Theo Silva,782.503.419-88,05/07/1994,+55 45 9 0286 2259,5215336746593167,39818
956,Srta. Giovanna Carvalho,609.275.183-68,27/03/1969,+55 (022) 99534 1650,2271004021096060,46969
957,Fernanda Gonçalves,039.512.648-70,01/10/1992,+55 (62) 9 0368-6558,2244279798474633,10623
958,Sr. Anthony Ferreira,017.469.235-80,24/01/1979,+55 (93) 90059 6723,2298137022692971,76322
959,Rafael da Cruz,187.059.432-05,21/04/1990,+55 76 92065 5867,2221875847594839,12399
960,Emanuelly Caldeira,547.283.019-23,25/10/1978,+55 (040) 97963-9499,2232606927259036,69098
961,Vicente Silveira,943.820.651-51,06/12/2004,+55 05 99411 2663,5309676857376655,95016
962,Francisco da Paz,630.894.751-20,27/12/1974,+55 46 9 4983-4794,2705110246688817,19048
963,André da Costa,713.650.289-68,28/08/1958,+55 91 9 3822 5699,5566793306233748,66669
964,Pietra Azevedo,329.086.174-04,22/07/1999,+55 (33) 94541 0818,2520891989733596,43700
965,Srta. Stephany da Cunha,325.601.789-40,23/10/1960,+55 72 9 8383-3039,5226885089784210,26029
966,Miguel Azevedo,610.872.594-01,23/09/1992,+55 (79) 93181 2198,5302177385042064,48383
967,Nathan da Mata,834.952.076-00,07/08/1965,+55 93 9 0718-5785,2517401507126219,24907
968,Heitor Ribeiro,472.809.136-87,08/08/1978,+55 (96) 98170 4705,2296763355550452,2955
969,Juan Moraes,689.073.541-20,23/02/1999,+55 (79) 9 8933-4504,2577273949144192,27348
970,Mirella Castro,961.802.534-98,06/11/1995,+55 51 9 9927-2696,2467086963770111,10703
971,Dr. Vicente Moreira,273.408.691-31,03/03/1996,+55 (96) 9 0080-3475,2720599212749044,52026
972,Natália Sales,532.178.046-35,14/12/1965,+55 (67) 99673-1621,2285101743499806,22014
973,Lavínia Gonçalves,847.021.635-07,25/10/1998,+55 (99) 9 9029-5691,2242624324059451,75458
974,Clara da Mota,653.829.704-83,03/05/1967,+55 71 9 9014 2946,2643259772186806,14411
975,Cecília Rocha,542.817.906-67,21/03/1982,+55 25 98547-1515,2720049270872601,78531
976,Luigi da Paz,548.670.213-26,27/12/1990,+55 (60) 95035-8607,2629558198422655,7566
977,Olivia Pereira,026.948.137-04,15/02/1971,+55 (46) 95213-9529,2259455211443528,27805
978,Dr. Thomas Jesus,963.052.478-38,22/04/1958,+55 68 95255 5475,2619995656349305,63985
979,Lucas Rezende,459.871.326-73,03/09/1981,+55 92 9 0258 5386,2714858235450115,92770
980,Valentina Jesus,514.639.278-19,21/01/2005,+55 73 9 6997 2467,2277428506899785,11893
981,Ana Vitória Ferreira,205.789.146-11,03/01/1960,+55 (005) 93167-9602,2249630269033883,3168
982,Sr. Otávio Ramos,485.671.293-46,15/07/1963,+55 (34) 99990-4384,2316404882160954,48620
983,Isadora Silveira,051.467.932-80,04/11/2005,+55 56 9 0258 5661,2545895886823286,62990
984,Beatriz Mendes,653.814.970-75,16/10/1981,+55 75 9 9535-3742,2240994887419943,51089
985,Elisa Cunha,067.529.348-00,27/05/1964,+55 74 96264-6653,2250402994106681,50383
986,Ana Luiza Fernandes,904.628.573-10,17/07/1966,+55 96 96178 2476,2297783202728803,21662
987,Heloísa Lima,180.923.647-96,07/07/1964,+55 (050) 91349 9021,2410742154302696,94483
988,Erick Alves,307.489.261-78,15/08/1961,+55 (39) 92668 9225,2281257848969764,40418
989,Sra. Sabrina Souza,961.874.305-57,27/03/1996,+55 08 9 2701-8593,2255547061100218,70708
990,Sr. Carlos Eduardo Silveira,815.472.039-60,23/04/1962,+55 (092) 90493 5850,2552224941296240,21467
991,Vitória Martins,095.831.276-12,31/01/1990,+55 (87) 9 2892 4680,5434020520603799,74065
992,Kevin Alves,926.158.734-82,10/09/2001,+55 92 93133 5199,2223061092425874,65830
993,Pedro Miguel Vieira,835.904.127-04,07/07/1959,+55 78 9 5682 0631,2278375279834755,81954
994,Erick da Paz,734.210.985-14,13/03/1971,+55 (72) 91367 4252,2251051300902090,35660
995,Maria Eduarda Nunes,751.398.642-82,09/02/1972,+55 (32) 99645 8024,2720078242968890,49578
996,Caroline Costela,604.917.235-80,30/04/2005,+55 (001) 92841 1437,2258398038931393,88729
997,Dr. Raul Costela,867.421.539-46,20/07/1982,+55 (14) 9 7605 9384,5147445058827106,59909
998,Diogo Nunes,534.127.096-70,29/10/1967,+55 (58) 91309-0974,2239582953866445,77580
999,Rodrigo Teixeira,421.903.687-31,19/02/1972,+55 (86) 91213-3736,5470151376323490,67671
1000,Dr. Cauê Barros,123.897.054-05,30/09/1996,+55 59 9 7919-2787,2233971870634901,7835
